$ Created by EMSuite
BEGIN BULK
GRID, 1, , -0.5, -0.5, 0.0
GRID, 2, , -0.4666666666666667, -0.5, 0.0
GRID, 3, , -0.43333333333333335, -0.5, 0.0
GRID, 4, , -0.4, -0.5, 0.0
GRID, 5, , -0.3666666666666667, -0.5, 0.0
GRID, 6, , -0.33333333333333337, -0.5, 0.0
GRID, 7, , -0.3, -0.5, 0.0
GRID, 8, , -0.26666666666666666, -0.5, 0.0
GRID, 9, , -0.23333333333333334, -0.5, 0.0
GRID, 10, , -0.2, -0.5, 0.0
GRID, 11, , -0.16666666666666669, -0.5, 0.0
GRID, 12, , -0.13333333333333336, -0.5, 0.0
GRID, 13, , -0.09999999999999998, -0.5, 0.0
GRID, 14, , -0.06666666666666665, -0.5, 0.0
GRID, 15, , -0.033333333333333326, -0.5, 0.0
GRID, 16, , 0.0, -0.5, 0.0
GRID, 17, , 0.033333333333333326, -0.5, 0.0
GRID, 18, , 0.06666666666666665, -0.5, 0.0
GRID, 19, , 0.09999999999999998, -0.5, 0.0
GRID, 20, , 0.1333333333333333, -0.5, 0.0
GRID, 21, , 0.16666666666666663, -0.5, 0.0
GRID, 22, , 0.19999999999999996, -0.5, 0.0
GRID, 23, , 0.23333333333333328, -0.5, 0.0
GRID, 24, , 0.2666666666666666, -0.5, 0.0
GRID, 25, , 0.30000000000000004, -0.5, 0.0
GRID, 26, , 0.33333333333333337, -0.5, 0.0
GRID, 27, , 0.3666666666666667, -0.5, 0.0
GRID, 28, , 0.4, -0.5, 0.0
GRID, 29, , 0.43333333333333335, -0.5, 0.0
GRID, 30, , 0.4666666666666667, -0.5, 0.0
GRID, 31, , 0.5, -0.5, 0.0
GRID, 32, , -0.5, -0.4666666666666667, 0.0
GRID, 33, , -0.4666666666666667, -0.4666666666666667, 0.0
GRID, 34, , -0.43333333333333335, -0.4666666666666667, 0.0
GRID, 35, , -0.4, -0.4666666666666667, 0.0
GRID, 36, , -0.3666666666666667, -0.4666666666666667, 0.0
GRID, 37, , -0.33333333333333337, -0.4666666666666667, 0.0
GRID, 38, , -0.3, -0.4666666666666667, 0.0
GRID, 39, , -0.26666666666666666, -0.4666666666666667, 0.0
GRID, 40, , -0.23333333333333334, -0.4666666666666667, 0.0
GRID, 41, , -0.2, -0.4666666666666667, 0.0
GRID, 42, , -0.16666666666666669, -0.4666666666666667, 0.0
GRID, 43, , -0.13333333333333336, -0.4666666666666667, 0.0
GRID, 44, , -0.09999999999999998, -0.4666666666666667, 0.0
GRID, 45, , -0.06666666666666665, -0.4666666666666667, 0.0
GRID, 46, , -0.033333333333333326, -0.4666666666666667, 0.0
GRID, 47, , 0.0, -0.4666666666666667, 0.0
GRID, 48, , 0.033333333333333326, -0.4666666666666667, 0.0
GRID, 49, , 0.06666666666666665, -0.4666666666666667, 0.0
GRID, 50, , 0.09999999999999998, -0.4666666666666667, 0.0
GRID, 51, , 0.1333333333333333, -0.4666666666666667, 0.0
GRID, 52, , 0.16666666666666663, -0.4666666666666667, 0.0
GRID, 53, , 0.19999999999999996, -0.4666666666666667, 0.0
GRID, 54, , 0.23333333333333328, -0.4666666666666667, 0.0
GRID, 55, , 0.2666666666666666, -0.4666666666666667, 0.0
GRID, 56, , 0.30000000000000004, -0.4666666666666667, 0.0
GRID, 57, , 0.33333333333333337, -0.4666666666666667, 0.0
GRID, 58, , 0.3666666666666667, -0.4666666666666667, 0.0
GRID, 59, , 0.4, -0.4666666666666667, 0.0
GRID, 60, , 0.43333333333333335, -0.4666666666666667, 0.0
GRID, 61, , 0.4666666666666667, -0.4666666666666667, 0.0
GRID, 62, , 0.5, -0.4666666666666667, 0.0
GRID, 63, , -0.5, -0.43333333333333335, 0.0
GRID, 64, , -0.4666666666666667, -0.43333333333333335, 0.0
GRID, 65, , -0.43333333333333335, -0.43333333333333335, 0.0
GRID, 66, , -0.4, -0.43333333333333335, 0.0
GRID, 67, , -0.3666666666666667, -0.43333333333333335, 0.0
GRID, 68, , -0.33333333333333337, -0.43333333333333335, 0.0
GRID, 69, , -0.3, -0.43333333333333335, 0.0
GRID, 70, , -0.26666666666666666, -0.43333333333333335, 0.0
GRID, 71, , -0.23333333333333334, -0.43333333333333335, 0.0
GRID, 72, , -0.2, -0.43333333333333335, 0.0
GRID, 73, , -0.16666666666666669, -0.43333333333333335, 0.0
GRID, 74, , -0.13333333333333336, -0.43333333333333335, 0.0
GRID, 75, , -0.09999999999999998, -0.43333333333333335, 0.0
GRID, 76, , -0.06666666666666665, -0.43333333333333335, 0.0
GRID, 77, , -0.033333333333333326, -0.43333333333333335, 0.0
GRID, 78, , 0.0, -0.43333333333333335, 0.0
GRID, 79, , 0.033333333333333326, -0.43333333333333335, 0.0
GRID, 80, , 0.06666666666666665, -0.43333333333333335, 0.0
GRID, 81, , 0.09999999999999998, -0.43333333333333335, 0.0
GRID, 82, , 0.1333333333333333, -0.43333333333333335, 0.0
GRID, 83, , 0.16666666666666663, -0.43333333333333335, 0.0
GRID, 84, , 0.19999999999999996, -0.43333333333333335, 0.0
GRID, 85, , 0.23333333333333328, -0.43333333333333335, 0.0
GRID, 86, , 0.2666666666666666, -0.43333333333333335, 0.0
GRID, 87, , 0.30000000000000004, -0.43333333333333335, 0.0
GRID, 88, , 0.33333333333333337, -0.43333333333333335, 0.0
GRID, 89, , 0.3666666666666667, -0.43333333333333335, 0.0
GRID, 90, , 0.4, -0.43333333333333335, 0.0
GRID, 91, , 0.43333333333333335, -0.43333333333333335, 0.0
GRID, 92, , 0.4666666666666667, -0.43333333333333335, 0.0
GRID, 93, , 0.5, -0.43333333333333335, 0.0
GRID, 94, , -0.5, -0.4, 0.0
GRID, 95, , -0.4666666666666667, -0.4, 0.0
GRID, 96, , -0.43333333333333335, -0.4, 0.0
GRID, 97, , -0.4, -0.4, 0.0
GRID, 98, , -0.3666666666666667, -0.4, 0.0
GRID, 99, , -0.33333333333333337, -0.4, 0.0
GRID, 100, , -0.3, -0.4, 0.0
GRID, 101, , -0.26666666666666666, -0.4, 0.0
GRID, 102, , -0.23333333333333334, -0.4, 0.0
GRID, 103, , -0.2, -0.4, 0.0
GRID, 104, , -0.16666666666666669, -0.4, 0.0
GRID, 105, , -0.13333333333333336, -0.4, 0.0
GRID, 106, , -0.09999999999999998, -0.4, 0.0
GRID, 107, , -0.06666666666666665, -0.4, 0.0
GRID, 108, , -0.033333333333333326, -0.4, 0.0
GRID, 109, , 0.0, -0.4, 0.0
GRID, 110, , 0.033333333333333326, -0.4, 0.0
GRID, 111, , 0.06666666666666665, -0.4, 0.0
GRID, 112, , 0.09999999999999998, -0.4, 0.0
GRID, 113, , 0.1333333333333333, -0.4, 0.0
GRID, 114, , 0.16666666666666663, -0.4, 0.0
GRID, 115, , 0.19999999999999996, -0.4, 0.0
GRID, 116, , 0.23333333333333328, -0.4, 0.0
GRID, 117, , 0.2666666666666666, -0.4, 0.0
GRID, 118, , 0.30000000000000004, -0.4, 0.0
GRID, 119, , 0.33333333333333337, -0.4, 0.0
GRID, 120, , 0.3666666666666667, -0.4, 0.0
GRID, 121, , 0.4, -0.4, 0.0
GRID, 122, , 0.43333333333333335, -0.4, 0.0
GRID, 123, , 0.4666666666666667, -0.4, 0.0
GRID, 124, , 0.5, -0.4, 0.0
GRID, 125, , -0.5, -0.3666666666666667, 0.0
GRID, 126, , -0.4666666666666667, -0.3666666666666667, 0.0
GRID, 127, , -0.43333333333333335, -0.3666666666666667, 0.0
GRID, 128, , -0.4, -0.3666666666666667, 0.0
GRID, 129, , -0.3666666666666667, -0.3666666666666667, 0.0
GRID, 130, , -0.33333333333333337, -0.3666666666666667, 0.0
GRID, 131, , -0.3, -0.3666666666666667, 0.0
GRID, 132, , -0.26666666666666666, -0.3666666666666667, 0.0
GRID, 133, , -0.23333333333333334, -0.3666666666666667, 0.0
GRID, 134, , -0.2, -0.3666666666666667, 0.0
GRID, 135, , -0.16666666666666669, -0.3666666666666667, 0.0
GRID, 136, , -0.13333333333333336, -0.3666666666666667, 0.0
GRID, 137, , -0.09999999999999998, -0.3666666666666667, 0.0
GRID, 138, , -0.06666666666666665, -0.3666666666666667, 0.0
GRID, 139, , -0.033333333333333326, -0.3666666666666667, 0.0
GRID, 140, , 0.0, -0.3666666666666667, 0.0
GRID, 141, , 0.033333333333333326, -0.3666666666666667, 0.0
GRID, 142, , 0.06666666666666665, -0.3666666666666667, 0.0
GRID, 143, , 0.09999999999999998, -0.3666666666666667, 0.0
GRID, 144, , 0.1333333333333333, -0.3666666666666667, 0.0
GRID, 145, , 0.16666666666666663, -0.3666666666666667, 0.0
GRID, 146, , 0.19999999999999996, -0.3666666666666667, 0.0
GRID, 147, , 0.23333333333333328, -0.3666666666666667, 0.0
GRID, 148, , 0.2666666666666666, -0.3666666666666667, 0.0
GRID, 149, , 0.30000000000000004, -0.3666666666666667, 0.0
GRID, 150, , 0.33333333333333337, -0.3666666666666667, 0.0
GRID, 151, , 0.3666666666666667, -0.3666666666666667, 0.0
GRID, 152, , 0.4, -0.3666666666666667, 0.0
GRID, 153, , 0.43333333333333335, -0.3666666666666667, 0.0
GRID, 154, , 0.4666666666666667, -0.3666666666666667, 0.0
GRID, 155, , 0.5, -0.3666666666666667, 0.0
GRID, 156, , -0.5, -0.33333333333333337, 0.0
GRID, 157, , -0.4666666666666667, -0.33333333333333337, 0.0
GRID, 158, , -0.43333333333333335, -0.33333333333333337, 0.0
GRID, 159, , -0.4, -0.33333333333333337, 0.0
GRID, 160, , -0.3666666666666667, -0.33333333333333337, 0.0
GRID, 161, , -0.33333333333333337, -0.33333333333333337, 0.0
GRID, 162, , -0.3, -0.33333333333333337, 0.0
GRID, 163, , -0.26666666666666666, -0.33333333333333337, 0.0
GRID, 164, , -0.23333333333333334, -0.33333333333333337, 0.0
GRID, 165, , -0.2, -0.33333333333333337, 0.0
GRID, 166, , -0.16666666666666669, -0.33333333333333337, 0.0
GRID, 167, , -0.13333333333333336, -0.33333333333333337, 0.0
GRID, 168, , -0.09999999999999998, -0.33333333333333337, 0.0
GRID, 169, , -0.06666666666666665, -0.33333333333333337, 0.0
GRID, 170, , -0.033333333333333326, -0.33333333333333337, 0.0
GRID, 171, , 0.0, -0.33333333333333337, 0.0
GRID, 172, , 0.033333333333333326, -0.33333333333333337, 0.0
GRID, 173, , 0.06666666666666665, -0.33333333333333337, 0.0
GRID, 174, , 0.09999999999999998, -0.33333333333333337, 0.0
GRID, 175, , 0.1333333333333333, -0.33333333333333337, 0.0
GRID, 176, , 0.16666666666666663, -0.33333333333333337, 0.0
GRID, 177, , 0.19999999999999996, -0.33333333333333337, 0.0
GRID, 178, , 0.23333333333333328, -0.33333333333333337, 0.0
GRID, 179, , 0.2666666666666666, -0.33333333333333337, 0.0
GRID, 180, , 0.30000000000000004, -0.33333333333333337, 0.0
GRID, 181, , 0.33333333333333337, -0.33333333333333337, 0.0
GRID, 182, , 0.3666666666666667, -0.33333333333333337, 0.0
GRID, 183, , 0.4, -0.33333333333333337, 0.0
GRID, 184, , 0.43333333333333335, -0.33333333333333337, 0.0
GRID, 185, , 0.4666666666666667, -0.33333333333333337, 0.0
GRID, 186, , 0.5, -0.33333333333333337, 0.0
GRID, 187, , -0.5, -0.3, 0.0
GRID, 188, , -0.4666666666666667, -0.3, 0.0
GRID, 189, , -0.43333333333333335, -0.3, 0.0
GRID, 190, , -0.4, -0.3, 0.0
GRID, 191, , -0.3666666666666667, -0.3, 0.0
GRID, 192, , -0.33333333333333337, -0.3, 0.0
GRID, 193, , -0.3, -0.3, 0.0
GRID, 194, , -0.26666666666666666, -0.3, 0.0
GRID, 195, , -0.23333333333333334, -0.3, 0.0
GRID, 196, , -0.2, -0.3, 0.0
GRID, 197, , -0.16666666666666669, -0.3, 0.0
GRID, 198, , -0.13333333333333336, -0.3, 0.0
GRID, 199, , -0.09999999999999998, -0.3, 0.0
GRID, 200, , -0.06666666666666665, -0.3, 0.0
GRID, 201, , -0.033333333333333326, -0.3, 0.0
GRID, 202, , 0.0, -0.3, 0.0
GRID, 203, , 0.033333333333333326, -0.3, 0.0
GRID, 204, , 0.06666666666666665, -0.3, 0.0
GRID, 205, , 0.09999999999999998, -0.3, 0.0
GRID, 206, , 0.1333333333333333, -0.3, 0.0
GRID, 207, , 0.16666666666666663, -0.3, 0.0
GRID, 208, , 0.19999999999999996, -0.3, 0.0
GRID, 209, , 0.23333333333333328, -0.3, 0.0
GRID, 210, , 0.2666666666666666, -0.3, 0.0
GRID, 211, , 0.30000000000000004, -0.3, 0.0
GRID, 212, , 0.33333333333333337, -0.3, 0.0
GRID, 213, , 0.3666666666666667, -0.3, 0.0
GRID, 214, , 0.4, -0.3, 0.0
GRID, 215, , 0.43333333333333335, -0.3, 0.0
GRID, 216, , 0.4666666666666667, -0.3, 0.0
GRID, 217, , 0.5, -0.3, 0.0
GRID, 218, , -0.5, -0.26666666666666666, 0.0
GRID, 219, , -0.4666666666666667, -0.26666666666666666, 0.0
GRID, 220, , -0.43333333333333335, -0.26666666666666666, 0.0
GRID, 221, , -0.4, -0.26666666666666666, 0.0
GRID, 222, , -0.3666666666666667, -0.26666666666666666, 0.0
GRID, 223, , -0.33333333333333337, -0.26666666666666666, 0.0
GRID, 224, , -0.3, -0.26666666666666666, 0.0
GRID, 225, , -0.26666666666666666, -0.26666666666666666, 0.0
GRID, 226, , -0.23333333333333334, -0.26666666666666666, 0.0
GRID, 227, , -0.2, -0.26666666666666666, 0.0
GRID, 228, , -0.16666666666666669, -0.26666666666666666, 0.0
GRID, 229, , -0.13333333333333336, -0.26666666666666666, 0.0
GRID, 230, , -0.09999999999999998, -0.26666666666666666, 0.0
GRID, 231, , -0.06666666666666665, -0.26666666666666666, 0.0
GRID, 232, , -0.033333333333333326, -0.26666666666666666, 0.0
GRID, 233, , 0.0, -0.26666666666666666, 0.0
GRID, 234, , 0.033333333333333326, -0.26666666666666666, 0.0
GRID, 235, , 0.06666666666666665, -0.26666666666666666, 0.0
GRID, 236, , 0.09999999999999998, -0.26666666666666666, 0.0
GRID, 237, , 0.1333333333333333, -0.26666666666666666, 0.0
GRID, 238, , 0.16666666666666663, -0.26666666666666666, 0.0
GRID, 239, , 0.19999999999999996, -0.26666666666666666, 0.0
GRID, 240, , 0.23333333333333328, -0.26666666666666666, 0.0
GRID, 241, , 0.2666666666666666, -0.26666666666666666, 0.0
GRID, 242, , 0.30000000000000004, -0.26666666666666666, 0.0
GRID, 243, , 0.33333333333333337, -0.26666666666666666, 0.0
GRID, 244, , 0.3666666666666667, -0.26666666666666666, 0.0
GRID, 245, , 0.4, -0.26666666666666666, 0.0
GRID, 246, , 0.43333333333333335, -0.26666666666666666, 0.0
GRID, 247, , 0.4666666666666667, -0.26666666666666666, 0.0
GRID, 248, , 0.5, -0.26666666666666666, 0.0
GRID, 249, , -0.5, -0.23333333333333334, 0.0
GRID, 250, , -0.4666666666666667, -0.23333333333333334, 0.0
GRID, 251, , -0.43333333333333335, -0.23333333333333334, 0.0
GRID, 252, , -0.4, -0.23333333333333334, 0.0
GRID, 253, , -0.3666666666666667, -0.23333333333333334, 0.0
GRID, 254, , -0.33333333333333337, -0.23333333333333334, 0.0
GRID, 255, , -0.3, -0.23333333333333334, 0.0
GRID, 256, , -0.26666666666666666, -0.23333333333333334, 0.0
GRID, 257, , -0.23333333333333334, -0.23333333333333334, 0.0
GRID, 258, , -0.2, -0.23333333333333334, 0.0
GRID, 259, , -0.16666666666666669, -0.23333333333333334, 0.0
GRID, 260, , -0.13333333333333336, -0.23333333333333334, 0.0
GRID, 261, , -0.09999999999999998, -0.23333333333333334, 0.0
GRID, 262, , -0.06666666666666665, -0.23333333333333334, 0.0
GRID, 263, , -0.033333333333333326, -0.23333333333333334, 0.0
GRID, 264, , 0.0, -0.23333333333333334, 0.0
GRID, 265, , 0.033333333333333326, -0.23333333333333334, 0.0
GRID, 266, , 0.06666666666666665, -0.23333333333333334, 0.0
GRID, 267, , 0.09999999999999998, -0.23333333333333334, 0.0
GRID, 268, , 0.1333333333333333, -0.23333333333333334, 0.0
GRID, 269, , 0.16666666666666663, -0.23333333333333334, 0.0
GRID, 270, , 0.19999999999999996, -0.23333333333333334, 0.0
GRID, 271, , 0.23333333333333328, -0.23333333333333334, 0.0
GRID, 272, , 0.2666666666666666, -0.23333333333333334, 0.0
GRID, 273, , 0.30000000000000004, -0.23333333333333334, 0.0
GRID, 274, , 0.33333333333333337, -0.23333333333333334, 0.0
GRID, 275, , 0.3666666666666667, -0.23333333333333334, 0.0
GRID, 276, , 0.4, -0.23333333333333334, 0.0
GRID, 277, , 0.43333333333333335, -0.23333333333333334, 0.0
GRID, 278, , 0.4666666666666667, -0.23333333333333334, 0.0
GRID, 279, , 0.5, -0.23333333333333334, 0.0
GRID, 280, , -0.5, -0.2, 0.0
GRID, 281, , -0.4666666666666667, -0.2, 0.0
GRID, 282, , -0.43333333333333335, -0.2, 0.0
GRID, 283, , -0.4, -0.2, 0.0
GRID, 284, , -0.3666666666666667, -0.2, 0.0
GRID, 285, , -0.33333333333333337, -0.2, 0.0
GRID, 286, , -0.3, -0.2, 0.0
GRID, 287, , -0.26666666666666666, -0.2, 0.0
GRID, 288, , -0.23333333333333334, -0.2, 0.0
GRID, 289, , -0.2, -0.2, 0.0
GRID, 290, , -0.16666666666666669, -0.2, 0.0
GRID, 291, , -0.13333333333333336, -0.2, 0.0
GRID, 292, , -0.09999999999999998, -0.2, 0.0
GRID, 293, , -0.06666666666666665, -0.2, 0.0
GRID, 294, , -0.033333333333333326, -0.2, 0.0
GRID, 295, , 0.0, -0.2, 0.0
GRID, 296, , 0.033333333333333326, -0.2, 0.0
GRID, 297, , 0.06666666666666665, -0.2, 0.0
GRID, 298, , 0.09999999999999998, -0.2, 0.0
GRID, 299, , 0.1333333333333333, -0.2, 0.0
GRID, 300, , 0.16666666666666663, -0.2, 0.0
GRID, 301, , 0.19999999999999996, -0.2, 0.0
GRID, 302, , 0.23333333333333328, -0.2, 0.0
GRID, 303, , 0.2666666666666666, -0.2, 0.0
GRID, 304, , 0.30000000000000004, -0.2, 0.0
GRID, 305, , 0.33333333333333337, -0.2, 0.0
GRID, 306, , 0.3666666666666667, -0.2, 0.0
GRID, 307, , 0.4, -0.2, 0.0
GRID, 308, , 0.43333333333333335, -0.2, 0.0
GRID, 309, , 0.4666666666666667, -0.2, 0.0
GRID, 310, , 0.5, -0.2, 0.0
GRID, 311, , -0.5, -0.16666666666666669, 0.0
GRID, 312, , -0.4666666666666667, -0.16666666666666669, 0.0
GRID, 313, , -0.43333333333333335, -0.16666666666666669, 0.0
GRID, 314, , -0.4, -0.16666666666666669, 0.0
GRID, 315, , -0.3666666666666667, -0.16666666666666669, 0.0
GRID, 316, , -0.33333333333333337, -0.16666666666666669, 0.0
GRID, 317, , -0.3, -0.16666666666666669, 0.0
GRID, 318, , -0.26666666666666666, -0.16666666666666669, 0.0
GRID, 319, , -0.23333333333333334, -0.16666666666666669, 0.0
GRID, 320, , -0.2, -0.16666666666666669, 0.0
GRID, 321, , -0.16666666666666669, -0.16666666666666669, 0.0
GRID, 322, , -0.13333333333333336, -0.16666666666666669, 0.0
GRID, 323, , -0.09999999999999998, -0.16666666666666669, 0.0
GRID, 324, , -0.06666666666666665, -0.16666666666666669, 0.0
GRID, 325, , -0.033333333333333326, -0.16666666666666669, 0.0
GRID, 326, , 0.0, -0.16666666666666669, 0.0
GRID, 327, , 0.033333333333333326, -0.16666666666666669, 0.0
GRID, 328, , 0.06666666666666665, -0.16666666666666669, 0.0
GRID, 329, , 0.09999999999999998, -0.16666666666666669, 0.0
GRID, 330, , 0.1333333333333333, -0.16666666666666669, 0.0
GRID, 331, , 0.16666666666666663, -0.16666666666666669, 0.0
GRID, 332, , 0.19999999999999996, -0.16666666666666669, 0.0
GRID, 333, , 0.23333333333333328, -0.16666666666666669, 0.0
GRID, 334, , 0.2666666666666666, -0.16666666666666669, 0.0
GRID, 335, , 0.30000000000000004, -0.16666666666666669, 0.0
GRID, 336, , 0.33333333333333337, -0.16666666666666669, 0.0
GRID, 337, , 0.3666666666666667, -0.16666666666666669, 0.0
GRID, 338, , 0.4, -0.16666666666666669, 0.0
GRID, 339, , 0.43333333333333335, -0.16666666666666669, 0.0
GRID, 340, , 0.4666666666666667, -0.16666666666666669, 0.0
GRID, 341, , 0.5, -0.16666666666666669, 0.0
GRID, 342, , -0.5, -0.13333333333333336, 0.0
GRID, 343, , -0.4666666666666667, -0.13333333333333336, 0.0
GRID, 344, , -0.43333333333333335, -0.13333333333333336, 0.0
GRID, 345, , -0.4, -0.13333333333333336, 0.0
GRID, 346, , -0.3666666666666667, -0.13333333333333336, 0.0
GRID, 347, , -0.33333333333333337, -0.13333333333333336, 0.0
GRID, 348, , -0.3, -0.13333333333333336, 0.0
GRID, 349, , -0.26666666666666666, -0.13333333333333336, 0.0
GRID, 350, , -0.23333333333333334, -0.13333333333333336, 0.0
GRID, 351, , -0.2, -0.13333333333333336, 0.0
GRID, 352, , -0.16666666666666669, -0.13333333333333336, 0.0
GRID, 353, , -0.13333333333333336, -0.13333333333333336, 0.0
GRID, 354, , -0.09999999999999998, -0.13333333333333336, 0.0
GRID, 355, , -0.06666666666666665, -0.13333333333333336, 0.0
GRID, 356, , -0.033333333333333326, -0.13333333333333336, 0.0
GRID, 357, , 0.0, -0.13333333333333336, 0.0
GRID, 358, , 0.033333333333333326, -0.13333333333333336, 0.0
GRID, 359, , 0.06666666666666665, -0.13333333333333336, 0.0
GRID, 360, , 0.09999999999999998, -0.13333333333333336, 0.0
GRID, 361, , 0.1333333333333333, -0.13333333333333336, 0.0
GRID, 362, , 0.16666666666666663, -0.13333333333333336, 0.0
GRID, 363, , 0.19999999999999996, -0.13333333333333336, 0.0
GRID, 364, , 0.23333333333333328, -0.13333333333333336, 0.0
GRID, 365, , 0.2666666666666666, -0.13333333333333336, 0.0
GRID, 366, , 0.30000000000000004, -0.13333333333333336, 0.0
GRID, 367, , 0.33333333333333337, -0.13333333333333336, 0.0
GRID, 368, , 0.3666666666666667, -0.13333333333333336, 0.0
GRID, 369, , 0.4, -0.13333333333333336, 0.0
GRID, 370, , 0.43333333333333335, -0.13333333333333336, 0.0
GRID, 371, , 0.4666666666666667, -0.13333333333333336, 0.0
GRID, 372, , 0.5, -0.13333333333333336, 0.0
GRID, 373, , -0.5, -0.09999999999999998, 0.0
GRID, 374, , -0.4666666666666667, -0.09999999999999998, 0.0
GRID, 375, , -0.43333333333333335, -0.09999999999999998, 0.0
GRID, 376, , -0.4, -0.09999999999999998, 0.0
GRID, 377, , -0.3666666666666667, -0.09999999999999998, 0.0
GRID, 378, , -0.33333333333333337, -0.09999999999999998, 0.0
GRID, 379, , -0.3, -0.09999999999999998, 0.0
GRID, 380, , -0.26666666666666666, -0.09999999999999998, 0.0
GRID, 381, , -0.23333333333333334, -0.09999999999999998, 0.0
GRID, 382, , -0.2, -0.09999999999999998, 0.0
GRID, 383, , -0.16666666666666669, -0.09999999999999998, 0.0
GRID, 384, , -0.13333333333333336, -0.09999999999999998, 0.0
GRID, 385, , -0.09999999999999998, -0.09999999999999998, 0.0
GRID, 386, , -0.06666666666666665, -0.09999999999999998, 0.0
GRID, 387, , -0.033333333333333326, -0.09999999999999998, 0.0
GRID, 388, , 0.0, -0.09999999999999998, 0.0
GRID, 389, , 0.033333333333333326, -0.09999999999999998, 0.0
GRID, 390, , 0.06666666666666665, -0.09999999999999998, 0.0
GRID, 391, , 0.09999999999999998, -0.09999999999999998, 0.0
GRID, 392, , 0.1333333333333333, -0.09999999999999998, 0.0
GRID, 393, , 0.16666666666666663, -0.09999999999999998, 0.0
GRID, 394, , 0.19999999999999996, -0.09999999999999998, 0.0
GRID, 395, , 0.23333333333333328, -0.09999999999999998, 0.0
GRID, 396, , 0.2666666666666666, -0.09999999999999998, 0.0
GRID, 397, , 0.30000000000000004, -0.09999999999999998, 0.0
GRID, 398, , 0.33333333333333337, -0.09999999999999998, 0.0
GRID, 399, , 0.3666666666666667, -0.09999999999999998, 0.0
GRID, 400, , 0.4, -0.09999999999999998, 0.0
GRID, 401, , 0.43333333333333335, -0.09999999999999998, 0.0
GRID, 402, , 0.4666666666666667, -0.09999999999999998, 0.0
GRID, 403, , 0.5, -0.09999999999999998, 0.0
GRID, 404, , -0.5, -0.06666666666666665, 0.0
GRID, 405, , -0.4666666666666667, -0.06666666666666665, 0.0
GRID, 406, , -0.43333333333333335, -0.06666666666666665, 0.0
GRID, 407, , -0.4, -0.06666666666666665, 0.0
GRID, 408, , -0.3666666666666667, -0.06666666666666665, 0.0
GRID, 409, , -0.33333333333333337, -0.06666666666666665, 0.0
GRID, 410, , -0.3, -0.06666666666666665, 0.0
GRID, 411, , -0.26666666666666666, -0.06666666666666665, 0.0
GRID, 412, , -0.23333333333333334, -0.06666666666666665, 0.0
GRID, 413, , -0.2, -0.06666666666666665, 0.0
GRID, 414, , -0.16666666666666669, -0.06666666666666665, 0.0
GRID, 415, , -0.13333333333333336, -0.06666666666666665, 0.0
GRID, 416, , -0.09999999999999998, -0.06666666666666665, 0.0
GRID, 417, , -0.06666666666666665, -0.06666666666666665, 0.0
GRID, 418, , -0.033333333333333326, -0.06666666666666665, 0.0
GRID, 419, , 0.0, -0.06666666666666665, 0.0
GRID, 420, , 0.033333333333333326, -0.06666666666666665, 0.0
GRID, 421, , 0.06666666666666665, -0.06666666666666665, 0.0
GRID, 422, , 0.09999999999999998, -0.06666666666666665, 0.0
GRID, 423, , 0.1333333333333333, -0.06666666666666665, 0.0
GRID, 424, , 0.16666666666666663, -0.06666666666666665, 0.0
GRID, 425, , 0.19999999999999996, -0.06666666666666665, 0.0
GRID, 426, , 0.23333333333333328, -0.06666666666666665, 0.0
GRID, 427, , 0.2666666666666666, -0.06666666666666665, 0.0
GRID, 428, , 0.30000000000000004, -0.06666666666666665, 0.0
GRID, 429, , 0.33333333333333337, -0.06666666666666665, 0.0
GRID, 430, , 0.3666666666666667, -0.06666666666666665, 0.0
GRID, 431, , 0.4, -0.06666666666666665, 0.0
GRID, 432, , 0.43333333333333335, -0.06666666666666665, 0.0
GRID, 433, , 0.4666666666666667, -0.06666666666666665, 0.0
GRID, 434, , 0.5, -0.06666666666666665, 0.0
GRID, 435, , -0.5, -0.033333333333333326, 0.0
GRID, 436, , -0.4666666666666667, -0.033333333333333326, 0.0
GRID, 437, , -0.43333333333333335, -0.033333333333333326, 0.0
GRID, 438, , -0.4, -0.033333333333333326, 0.0
GRID, 439, , -0.3666666666666667, -0.033333333333333326, 0.0
GRID, 440, , -0.33333333333333337, -0.033333333333333326, 0.0
GRID, 441, , -0.3, -0.033333333333333326, 0.0
GRID, 442, , -0.26666666666666666, -0.033333333333333326, 0.0
GRID, 443, , -0.23333333333333334, -0.033333333333333326, 0.0
GRID, 444, , -0.2, -0.033333333333333326, 0.0
GRID, 445, , -0.16666666666666669, -0.033333333333333326, 0.0
GRID, 446, , -0.13333333333333336, -0.033333333333333326, 0.0
GRID, 447, , -0.09999999999999998, -0.033333333333333326, 0.0
GRID, 448, , -0.06666666666666665, -0.033333333333333326, 0.0
GRID, 449, , -0.033333333333333326, -0.033333333333333326, 0.0
GRID, 450, , 0.0, -0.033333333333333326, 0.0
GRID, 451, , 0.033333333333333326, -0.033333333333333326, 0.0
GRID, 452, , 0.06666666666666665, -0.033333333333333326, 0.0
GRID, 453, , 0.09999999999999998, -0.033333333333333326, 0.0
GRID, 454, , 0.1333333333333333, -0.033333333333333326, 0.0
GRID, 455, , 0.16666666666666663, -0.033333333333333326, 0.0
GRID, 456, , 0.19999999999999996, -0.033333333333333326, 0.0
GRID, 457, , 0.23333333333333328, -0.033333333333333326, 0.0
GRID, 458, , 0.2666666666666666, -0.033333333333333326, 0.0
GRID, 459, , 0.30000000000000004, -0.033333333333333326, 0.0
GRID, 460, , 0.33333333333333337, -0.033333333333333326, 0.0
GRID, 461, , 0.3666666666666667, -0.033333333333333326, 0.0
GRID, 462, , 0.4, -0.033333333333333326, 0.0
GRID, 463, , 0.43333333333333335, -0.033333333333333326, 0.0
GRID, 464, , 0.4666666666666667, -0.033333333333333326, 0.0
GRID, 465, , 0.5, -0.033333333333333326, 0.0
GRID, 466, , -0.5, 0.0, 0.0
GRID, 467, , -0.4666666666666667, 0.0, 0.0
GRID, 468, , -0.43333333333333335, 0.0, 0.0
GRID, 469, , -0.4, 0.0, 0.0
GRID, 470, , -0.3666666666666667, 0.0, 0.0
GRID, 471, , -0.33333333333333337, 0.0, 0.0
GRID, 472, , -0.3, 0.0, 0.0
GRID, 473, , -0.26666666666666666, 0.0, 0.0
GRID, 474, , -0.23333333333333334, 0.0, 0.0
GRID, 475, , -0.2, 0.0, 0.0
GRID, 476, , -0.16666666666666669, 0.0, 0.0
GRID, 477, , -0.13333333333333336, 0.0, 0.0
GRID, 478, , -0.09999999999999998, 0.0, 0.0
GRID, 479, , -0.06666666666666665, 0.0, 0.0
GRID, 480, , -0.033333333333333326, 0.0, 0.0
GRID, 481, , 0.0, 0.0, 0.0
GRID, 482, , 0.033333333333333326, 0.0, 0.0
GRID, 483, , 0.06666666666666665, 0.0, 0.0
GRID, 484, , 0.09999999999999998, 0.0, 0.0
GRID, 485, , 0.1333333333333333, 0.0, 0.0
GRID, 486, , 0.16666666666666663, 0.0, 0.0
GRID, 487, , 0.19999999999999996, 0.0, 0.0
GRID, 488, , 0.23333333333333328, 0.0, 0.0
GRID, 489, , 0.2666666666666666, 0.0, 0.0
GRID, 490, , 0.30000000000000004, 0.0, 0.0
GRID, 491, , 0.33333333333333337, 0.0, 0.0
GRID, 492, , 0.3666666666666667, 0.0, 0.0
GRID, 493, , 0.4, 0.0, 0.0
GRID, 494, , 0.43333333333333335, 0.0, 0.0
GRID, 495, , 0.4666666666666667, 0.0, 0.0
GRID, 496, , 0.5, 0.0, 0.0
GRID, 497, , -0.5, 0.033333333333333326, 0.0
GRID, 498, , -0.4666666666666667, 0.033333333333333326, 0.0
GRID, 499, , -0.43333333333333335, 0.033333333333333326, 0.0
GRID, 500, , -0.4, 0.033333333333333326, 0.0
GRID, 501, , -0.3666666666666667, 0.033333333333333326, 0.0
GRID, 502, , -0.33333333333333337, 0.033333333333333326, 0.0
GRID, 503, , -0.3, 0.033333333333333326, 0.0
GRID, 504, , -0.26666666666666666, 0.033333333333333326, 0.0
GRID, 505, , -0.23333333333333334, 0.033333333333333326, 0.0
GRID, 506, , -0.2, 0.033333333333333326, 0.0
GRID, 507, , -0.16666666666666669, 0.033333333333333326, 0.0
GRID, 508, , -0.13333333333333336, 0.033333333333333326, 0.0
GRID, 509, , -0.09999999999999998, 0.033333333333333326, 0.0
GRID, 510, , -0.06666666666666665, 0.033333333333333326, 0.0
GRID, 511, , -0.033333333333333326, 0.033333333333333326, 0.0
GRID, 512, , 0.0, 0.033333333333333326, 0.0
GRID, 513, , 0.033333333333333326, 0.033333333333333326, 0.0
GRID, 514, , 0.06666666666666665, 0.033333333333333326, 0.0
GRID, 515, , 0.09999999999999998, 0.033333333333333326, 0.0
GRID, 516, , 0.1333333333333333, 0.033333333333333326, 0.0
GRID, 517, , 0.16666666666666663, 0.033333333333333326, 0.0
GRID, 518, , 0.19999999999999996, 0.033333333333333326, 0.0
GRID, 519, , 0.23333333333333328, 0.033333333333333326, 0.0
GRID, 520, , 0.2666666666666666, 0.033333333333333326, 0.0
GRID, 521, , 0.30000000000000004, 0.033333333333333326, 0.0
GRID, 522, , 0.33333333333333337, 0.033333333333333326, 0.0
GRID, 523, , 0.3666666666666667, 0.033333333333333326, 0.0
GRID, 524, , 0.4, 0.033333333333333326, 0.0
GRID, 525, , 0.43333333333333335, 0.033333333333333326, 0.0
GRID, 526, , 0.4666666666666667, 0.033333333333333326, 0.0
GRID, 527, , 0.5, 0.033333333333333326, 0.0
GRID, 528, , -0.5, 0.06666666666666665, 0.0
GRID, 529, , -0.4666666666666667, 0.06666666666666665, 0.0
GRID, 530, , -0.43333333333333335, 0.06666666666666665, 0.0
GRID, 531, , -0.4, 0.06666666666666665, 0.0
GRID, 532, , -0.3666666666666667, 0.06666666666666665, 0.0
GRID, 533, , -0.33333333333333337, 0.06666666666666665, 0.0
GRID, 534, , -0.3, 0.06666666666666665, 0.0
GRID, 535, , -0.26666666666666666, 0.06666666666666665, 0.0
GRID, 536, , -0.23333333333333334, 0.06666666666666665, 0.0
GRID, 537, , -0.2, 0.06666666666666665, 0.0
GRID, 538, , -0.16666666666666669, 0.06666666666666665, 0.0
GRID, 539, , -0.13333333333333336, 0.06666666666666665, 0.0
GRID, 540, , -0.09999999999999998, 0.06666666666666665, 0.0
GRID, 541, , -0.06666666666666665, 0.06666666666666665, 0.0
GRID, 542, , -0.033333333333333326, 0.06666666666666665, 0.0
GRID, 543, , 0.0, 0.06666666666666665, 0.0
GRID, 544, , 0.033333333333333326, 0.06666666666666665, 0.0
GRID, 545, , 0.06666666666666665, 0.06666666666666665, 0.0
GRID, 546, , 0.09999999999999998, 0.06666666666666665, 0.0
GRID, 547, , 0.1333333333333333, 0.06666666666666665, 0.0
GRID, 548, , 0.16666666666666663, 0.06666666666666665, 0.0
GRID, 549, , 0.19999999999999996, 0.06666666666666665, 0.0
GRID, 550, , 0.23333333333333328, 0.06666666666666665, 0.0
GRID, 551, , 0.2666666666666666, 0.06666666666666665, 0.0
GRID, 552, , 0.30000000000000004, 0.06666666666666665, 0.0
GRID, 553, , 0.33333333333333337, 0.06666666666666665, 0.0
GRID, 554, , 0.3666666666666667, 0.06666666666666665, 0.0
GRID, 555, , 0.4, 0.06666666666666665, 0.0
GRID, 556, , 0.43333333333333335, 0.06666666666666665, 0.0
GRID, 557, , 0.4666666666666667, 0.06666666666666665, 0.0
GRID, 558, , 0.5, 0.06666666666666665, 0.0
GRID, 559, , -0.5, 0.09999999999999998, 0.0
GRID, 560, , -0.4666666666666667, 0.09999999999999998, 0.0
GRID, 561, , -0.43333333333333335, 0.09999999999999998, 0.0
GRID, 562, , -0.4, 0.09999999999999998, 0.0
GRID, 563, , -0.3666666666666667, 0.09999999999999998, 0.0
GRID, 564, , -0.33333333333333337, 0.09999999999999998, 0.0
GRID, 565, , -0.3, 0.09999999999999998, 0.0
GRID, 566, , -0.26666666666666666, 0.09999999999999998, 0.0
GRID, 567, , -0.23333333333333334, 0.09999999999999998, 0.0
GRID, 568, , -0.2, 0.09999999999999998, 0.0
GRID, 569, , -0.16666666666666669, 0.09999999999999998, 0.0
GRID, 570, , -0.13333333333333336, 0.09999999999999998, 0.0
GRID, 571, , -0.09999999999999998, 0.09999999999999998, 0.0
GRID, 572, , -0.06666666666666665, 0.09999999999999998, 0.0
GRID, 573, , -0.033333333333333326, 0.09999999999999998, 0.0
GRID, 574, , 0.0, 0.09999999999999998, 0.0
GRID, 575, , 0.033333333333333326, 0.09999999999999998, 0.0
GRID, 576, , 0.06666666666666665, 0.09999999999999998, 0.0
GRID, 577, , 0.09999999999999998, 0.09999999999999998, 0.0
GRID, 578, , 0.1333333333333333, 0.09999999999999998, 0.0
GRID, 579, , 0.16666666666666663, 0.09999999999999998, 0.0
GRID, 580, , 0.19999999999999996, 0.09999999999999998, 0.0
GRID, 581, , 0.23333333333333328, 0.09999999999999998, 0.0
GRID, 582, , 0.2666666666666666, 0.09999999999999998, 0.0
GRID, 583, , 0.30000000000000004, 0.09999999999999998, 0.0
GRID, 584, , 0.33333333333333337, 0.09999999999999998, 0.0
GRID, 585, , 0.3666666666666667, 0.09999999999999998, 0.0
GRID, 586, , 0.4, 0.09999999999999998, 0.0
GRID, 587, , 0.43333333333333335, 0.09999999999999998, 0.0
GRID, 588, , 0.4666666666666667, 0.09999999999999998, 0.0
GRID, 589, , 0.5, 0.09999999999999998, 0.0
GRID, 590, , -0.5, 0.1333333333333333, 0.0
GRID, 591, , -0.4666666666666667, 0.1333333333333333, 0.0
GRID, 592, , -0.43333333333333335, 0.1333333333333333, 0.0
GRID, 593, , -0.4, 0.1333333333333333, 0.0
GRID, 594, , -0.3666666666666667, 0.1333333333333333, 0.0
GRID, 595, , -0.33333333333333337, 0.1333333333333333, 0.0
GRID, 596, , -0.3, 0.1333333333333333, 0.0
GRID, 597, , -0.26666666666666666, 0.1333333333333333, 0.0
GRID, 598, , -0.23333333333333334, 0.1333333333333333, 0.0
GRID, 599, , -0.2, 0.1333333333333333, 0.0
GRID, 600, , -0.16666666666666669, 0.1333333333333333, 0.0
GRID, 601, , -0.13333333333333336, 0.1333333333333333, 0.0
GRID, 602, , -0.09999999999999998, 0.1333333333333333, 0.0
GRID, 603, , -0.06666666666666665, 0.1333333333333333, 0.0
GRID, 604, , -0.033333333333333326, 0.1333333333333333, 0.0
GRID, 605, , 0.0, 0.1333333333333333, 0.0
GRID, 606, , 0.033333333333333326, 0.1333333333333333, 0.0
GRID, 607, , 0.06666666666666665, 0.1333333333333333, 0.0
GRID, 608, , 0.09999999999999998, 0.1333333333333333, 0.0
GRID, 609, , 0.1333333333333333, 0.1333333333333333, 0.0
GRID, 610, , 0.16666666666666663, 0.1333333333333333, 0.0
GRID, 611, , 0.19999999999999996, 0.1333333333333333, 0.0
GRID, 612, , 0.23333333333333328, 0.1333333333333333, 0.0
GRID, 613, , 0.2666666666666666, 0.1333333333333333, 0.0
GRID, 614, , 0.30000000000000004, 0.1333333333333333, 0.0
GRID, 615, , 0.33333333333333337, 0.1333333333333333, 0.0
GRID, 616, , 0.3666666666666667, 0.1333333333333333, 0.0
GRID, 617, , 0.4, 0.1333333333333333, 0.0
GRID, 618, , 0.43333333333333335, 0.1333333333333333, 0.0
GRID, 619, , 0.4666666666666667, 0.1333333333333333, 0.0
GRID, 620, , 0.5, 0.1333333333333333, 0.0
GRID, 621, , -0.5, 0.16666666666666663, 0.0
GRID, 622, , -0.4666666666666667, 0.16666666666666663, 0.0
GRID, 623, , -0.43333333333333335, 0.16666666666666663, 0.0
GRID, 624, , -0.4, 0.16666666666666663, 0.0
GRID, 625, , -0.3666666666666667, 0.16666666666666663, 0.0
GRID, 626, , -0.33333333333333337, 0.16666666666666663, 0.0
GRID, 627, , -0.3, 0.16666666666666663, 0.0
GRID, 628, , -0.26666666666666666, 0.16666666666666663, 0.0
GRID, 629, , -0.23333333333333334, 0.16666666666666663, 0.0
GRID, 630, , -0.2, 0.16666666666666663, 0.0
GRID, 631, , -0.16666666666666669, 0.16666666666666663, 0.0
GRID, 632, , -0.13333333333333336, 0.16666666666666663, 0.0
GRID, 633, , -0.09999999999999998, 0.16666666666666663, 0.0
GRID, 634, , -0.06666666666666665, 0.16666666666666663, 0.0
GRID, 635, , -0.033333333333333326, 0.16666666666666663, 0.0
GRID, 636, , 0.0, 0.16666666666666663, 0.0
GRID, 637, , 0.033333333333333326, 0.16666666666666663, 0.0
GRID, 638, , 0.06666666666666665, 0.16666666666666663, 0.0
GRID, 639, , 0.09999999999999998, 0.16666666666666663, 0.0
GRID, 640, , 0.1333333333333333, 0.16666666666666663, 0.0
GRID, 641, , 0.16666666666666663, 0.16666666666666663, 0.0
GRID, 642, , 0.19999999999999996, 0.16666666666666663, 0.0
GRID, 643, , 0.23333333333333328, 0.16666666666666663, 0.0
GRID, 644, , 0.2666666666666666, 0.16666666666666663, 0.0
GRID, 645, , 0.30000000000000004, 0.16666666666666663, 0.0
GRID, 646, , 0.33333333333333337, 0.16666666666666663, 0.0
GRID, 647, , 0.3666666666666667, 0.16666666666666663, 0.0
GRID, 648, , 0.4, 0.16666666666666663, 0.0
GRID, 649, , 0.43333333333333335, 0.16666666666666663, 0.0
GRID, 650, , 0.4666666666666667, 0.16666666666666663, 0.0
GRID, 651, , 0.5, 0.16666666666666663, 0.0
GRID, 652, , -0.5, 0.19999999999999996, 0.0
GRID, 653, , -0.4666666666666667, 0.19999999999999996, 0.0
GRID, 654, , -0.43333333333333335, 0.19999999999999996, 0.0
GRID, 655, , -0.4, 0.19999999999999996, 0.0
GRID, 656, , -0.3666666666666667, 0.19999999999999996, 0.0
GRID, 657, , -0.33333333333333337, 0.19999999999999996, 0.0
GRID, 658, , -0.3, 0.19999999999999996, 0.0
GRID, 659, , -0.26666666666666666, 0.19999999999999996, 0.0
GRID, 660, , -0.23333333333333334, 0.19999999999999996, 0.0
GRID, 661, , -0.2, 0.19999999999999996, 0.0
GRID, 662, , -0.16666666666666669, 0.19999999999999996, 0.0
GRID, 663, , -0.13333333333333336, 0.19999999999999996, 0.0
GRID, 664, , -0.09999999999999998, 0.19999999999999996, 0.0
GRID, 665, , -0.06666666666666665, 0.19999999999999996, 0.0
GRID, 666, , -0.033333333333333326, 0.19999999999999996, 0.0
GRID, 667, , 0.0, 0.19999999999999996, 0.0
GRID, 668, , 0.033333333333333326, 0.19999999999999996, 0.0
GRID, 669, , 0.06666666666666665, 0.19999999999999996, 0.0
GRID, 670, , 0.09999999999999998, 0.19999999999999996, 0.0
GRID, 671, , 0.1333333333333333, 0.19999999999999996, 0.0
GRID, 672, , 0.16666666666666663, 0.19999999999999996, 0.0
GRID, 673, , 0.19999999999999996, 0.19999999999999996, 0.0
GRID, 674, , 0.23333333333333328, 0.19999999999999996, 0.0
GRID, 675, , 0.2666666666666666, 0.19999999999999996, 0.0
GRID, 676, , 0.30000000000000004, 0.19999999999999996, 0.0
GRID, 677, , 0.33333333333333337, 0.19999999999999996, 0.0
GRID, 678, , 0.3666666666666667, 0.19999999999999996, 0.0
GRID, 679, , 0.4, 0.19999999999999996, 0.0
GRID, 680, , 0.43333333333333335, 0.19999999999999996, 0.0
GRID, 681, , 0.4666666666666667, 0.19999999999999996, 0.0
GRID, 682, , 0.5, 0.19999999999999996, 0.0
GRID, 683, , -0.5, 0.23333333333333328, 0.0
GRID, 684, , -0.4666666666666667, 0.23333333333333328, 0.0
GRID, 685, , -0.43333333333333335, 0.23333333333333328, 0.0
GRID, 686, , -0.4, 0.23333333333333328, 0.0
GRID, 687, , -0.3666666666666667, 0.23333333333333328, 0.0
GRID, 688, , -0.33333333333333337, 0.23333333333333328, 0.0
GRID, 689, , -0.3, 0.23333333333333328, 0.0
GRID, 690, , -0.26666666666666666, 0.23333333333333328, 0.0
GRID, 691, , -0.23333333333333334, 0.23333333333333328, 0.0
GRID, 692, , -0.2, 0.23333333333333328, 0.0
GRID, 693, , -0.16666666666666669, 0.23333333333333328, 0.0
GRID, 694, , -0.13333333333333336, 0.23333333333333328, 0.0
GRID, 695, , -0.09999999999999998, 0.23333333333333328, 0.0
GRID, 696, , -0.06666666666666665, 0.23333333333333328, 0.0
GRID, 697, , -0.033333333333333326, 0.23333333333333328, 0.0
GRID, 698, , 0.0, 0.23333333333333328, 0.0
GRID, 699, , 0.033333333333333326, 0.23333333333333328, 0.0
GRID, 700, , 0.06666666666666665, 0.23333333333333328, 0.0
GRID, 701, , 0.09999999999999998, 0.23333333333333328, 0.0
GRID, 702, , 0.1333333333333333, 0.23333333333333328, 0.0
GRID, 703, , 0.16666666666666663, 0.23333333333333328, 0.0
GRID, 704, , 0.19999999999999996, 0.23333333333333328, 0.0
GRID, 705, , 0.23333333333333328, 0.23333333333333328, 0.0
GRID, 706, , 0.2666666666666666, 0.23333333333333328, 0.0
GRID, 707, , 0.30000000000000004, 0.23333333333333328, 0.0
GRID, 708, , 0.33333333333333337, 0.23333333333333328, 0.0
GRID, 709, , 0.3666666666666667, 0.23333333333333328, 0.0
GRID, 710, , 0.4, 0.23333333333333328, 0.0
GRID, 711, , 0.43333333333333335, 0.23333333333333328, 0.0
GRID, 712, , 0.4666666666666667, 0.23333333333333328, 0.0
GRID, 713, , 0.5, 0.23333333333333328, 0.0
GRID, 714, , -0.5, 0.2666666666666666, 0.0
GRID, 715, , -0.4666666666666667, 0.2666666666666666, 0.0
GRID, 716, , -0.43333333333333335, 0.2666666666666666, 0.0
GRID, 717, , -0.4, 0.2666666666666666, 0.0
GRID, 718, , -0.3666666666666667, 0.2666666666666666, 0.0
GRID, 719, , -0.33333333333333337, 0.2666666666666666, 0.0
GRID, 720, , -0.3, 0.2666666666666666, 0.0
GRID, 721, , -0.26666666666666666, 0.2666666666666666, 0.0
GRID, 722, , -0.23333333333333334, 0.2666666666666666, 0.0
GRID, 723, , -0.2, 0.2666666666666666, 0.0
GRID, 724, , -0.16666666666666669, 0.2666666666666666, 0.0
GRID, 725, , -0.13333333333333336, 0.2666666666666666, 0.0
GRID, 726, , -0.09999999999999998, 0.2666666666666666, 0.0
GRID, 727, , -0.06666666666666665, 0.2666666666666666, 0.0
GRID, 728, , -0.033333333333333326, 0.2666666666666666, 0.0
GRID, 729, , 0.0, 0.2666666666666666, 0.0
GRID, 730, , 0.033333333333333326, 0.2666666666666666, 0.0
GRID, 731, , 0.06666666666666665, 0.2666666666666666, 0.0
GRID, 732, , 0.09999999999999998, 0.2666666666666666, 0.0
GRID, 733, , 0.1333333333333333, 0.2666666666666666, 0.0
GRID, 734, , 0.16666666666666663, 0.2666666666666666, 0.0
GRID, 735, , 0.19999999999999996, 0.2666666666666666, 0.0
GRID, 736, , 0.23333333333333328, 0.2666666666666666, 0.0
GRID, 737, , 0.2666666666666666, 0.2666666666666666, 0.0
GRID, 738, , 0.30000000000000004, 0.2666666666666666, 0.0
GRID, 739, , 0.33333333333333337, 0.2666666666666666, 0.0
GRID, 740, , 0.3666666666666667, 0.2666666666666666, 0.0
GRID, 741, , 0.4, 0.2666666666666666, 0.0
GRID, 742, , 0.43333333333333335, 0.2666666666666666, 0.0
GRID, 743, , 0.4666666666666667, 0.2666666666666666, 0.0
GRID, 744, , 0.5, 0.2666666666666666, 0.0
GRID, 745, , -0.5, 0.30000000000000004, 0.0
GRID, 746, , -0.4666666666666667, 0.30000000000000004, 0.0
GRID, 747, , -0.43333333333333335, 0.30000000000000004, 0.0
GRID, 748, , -0.4, 0.30000000000000004, 0.0
GRID, 749, , -0.3666666666666667, 0.30000000000000004, 0.0
GRID, 750, , -0.33333333333333337, 0.30000000000000004, 0.0
GRID, 751, , -0.3, 0.30000000000000004, 0.0
GRID, 752, , -0.26666666666666666, 0.30000000000000004, 0.0
GRID, 753, , -0.23333333333333334, 0.30000000000000004, 0.0
GRID, 754, , -0.2, 0.30000000000000004, 0.0
GRID, 755, , -0.16666666666666669, 0.30000000000000004, 0.0
GRID, 756, , -0.13333333333333336, 0.30000000000000004, 0.0
GRID, 757, , -0.09999999999999998, 0.30000000000000004, 0.0
GRID, 758, , -0.06666666666666665, 0.30000000000000004, 0.0
GRID, 759, , -0.033333333333333326, 0.30000000000000004, 0.0
GRID, 760, , 0.0, 0.30000000000000004, 0.0
GRID, 761, , 0.033333333333333326, 0.30000000000000004, 0.0
GRID, 762, , 0.06666666666666665, 0.30000000000000004, 0.0
GRID, 763, , 0.09999999999999998, 0.30000000000000004, 0.0
GRID, 764, , 0.1333333333333333, 0.30000000000000004, 0.0
GRID, 765, , 0.16666666666666663, 0.30000000000000004, 0.0
GRID, 766, , 0.19999999999999996, 0.30000000000000004, 0.0
GRID, 767, , 0.23333333333333328, 0.30000000000000004, 0.0
GRID, 768, , 0.2666666666666666, 0.30000000000000004, 0.0
GRID, 769, , 0.30000000000000004, 0.30000000000000004, 0.0
GRID, 770, , 0.33333333333333337, 0.30000000000000004, 0.0
GRID, 771, , 0.3666666666666667, 0.30000000000000004, 0.0
GRID, 772, , 0.4, 0.30000000000000004, 0.0
GRID, 773, , 0.43333333333333335, 0.30000000000000004, 0.0
GRID, 774, , 0.4666666666666667, 0.30000000000000004, 0.0
GRID, 775, , 0.5, 0.30000000000000004, 0.0
GRID, 776, , -0.5, 0.33333333333333337, 0.0
GRID, 777, , -0.4666666666666667, 0.33333333333333337, 0.0
GRID, 778, , -0.43333333333333335, 0.33333333333333337, 0.0
GRID, 779, , -0.4, 0.33333333333333337, 0.0
GRID, 780, , -0.3666666666666667, 0.33333333333333337, 0.0
GRID, 781, , -0.33333333333333337, 0.33333333333333337, 0.0
GRID, 782, , -0.3, 0.33333333333333337, 0.0
GRID, 783, , -0.26666666666666666, 0.33333333333333337, 0.0
GRID, 784, , -0.23333333333333334, 0.33333333333333337, 0.0
GRID, 785, , -0.2, 0.33333333333333337, 0.0
GRID, 786, , -0.16666666666666669, 0.33333333333333337, 0.0
GRID, 787, , -0.13333333333333336, 0.33333333333333337, 0.0
GRID, 788, , -0.09999999999999998, 0.33333333333333337, 0.0
GRID, 789, , -0.06666666666666665, 0.33333333333333337, 0.0
GRID, 790, , -0.033333333333333326, 0.33333333333333337, 0.0
GRID, 791, , 0.0, 0.33333333333333337, 0.0
GRID, 792, , 0.033333333333333326, 0.33333333333333337, 0.0
GRID, 793, , 0.06666666666666665, 0.33333333333333337, 0.0
GRID, 794, , 0.09999999999999998, 0.33333333333333337, 0.0
GRID, 795, , 0.1333333333333333, 0.33333333333333337, 0.0
GRID, 796, , 0.16666666666666663, 0.33333333333333337, 0.0
GRID, 797, , 0.19999999999999996, 0.33333333333333337, 0.0
GRID, 798, , 0.23333333333333328, 0.33333333333333337, 0.0
GRID, 799, , 0.2666666666666666, 0.33333333333333337, 0.0
GRID, 800, , 0.30000000000000004, 0.33333333333333337, 0.0
GRID, 801, , 0.33333333333333337, 0.33333333333333337, 0.0
GRID, 802, , 0.3666666666666667, 0.33333333333333337, 0.0
GRID, 803, , 0.4, 0.33333333333333337, 0.0
GRID, 804, , 0.43333333333333335, 0.33333333333333337, 0.0
GRID, 805, , 0.4666666666666667, 0.33333333333333337, 0.0
GRID, 806, , 0.5, 0.33333333333333337, 0.0
GRID, 807, , -0.5, 0.3666666666666667, 0.0
GRID, 808, , -0.4666666666666667, 0.3666666666666667, 0.0
GRID, 809, , -0.43333333333333335, 0.3666666666666667, 0.0
GRID, 810, , -0.4, 0.3666666666666667, 0.0
GRID, 811, , -0.3666666666666667, 0.3666666666666667, 0.0
GRID, 812, , -0.33333333333333337, 0.3666666666666667, 0.0
GRID, 813, , -0.3, 0.3666666666666667, 0.0
GRID, 814, , -0.26666666666666666, 0.3666666666666667, 0.0
GRID, 815, , -0.23333333333333334, 0.3666666666666667, 0.0
GRID, 816, , -0.2, 0.3666666666666667, 0.0
GRID, 817, , -0.16666666666666669, 0.3666666666666667, 0.0
GRID, 818, , -0.13333333333333336, 0.3666666666666667, 0.0
GRID, 819, , -0.09999999999999998, 0.3666666666666667, 0.0
GRID, 820, , -0.06666666666666665, 0.3666666666666667, 0.0
GRID, 821, , -0.033333333333333326, 0.3666666666666667, 0.0
GRID, 822, , 0.0, 0.3666666666666667, 0.0
GRID, 823, , 0.033333333333333326, 0.3666666666666667, 0.0
GRID, 824, , 0.06666666666666665, 0.3666666666666667, 0.0
GRID, 825, , 0.09999999999999998, 0.3666666666666667, 0.0
GRID, 826, , 0.1333333333333333, 0.3666666666666667, 0.0
GRID, 827, , 0.16666666666666663, 0.3666666666666667, 0.0
GRID, 828, , 0.19999999999999996, 0.3666666666666667, 0.0
GRID, 829, , 0.23333333333333328, 0.3666666666666667, 0.0
GRID, 830, , 0.2666666666666666, 0.3666666666666667, 0.0
GRID, 831, , 0.30000000000000004, 0.3666666666666667, 0.0
GRID, 832, , 0.33333333333333337, 0.3666666666666667, 0.0
GRID, 833, , 0.3666666666666667, 0.3666666666666667, 0.0
GRID, 834, , 0.4, 0.3666666666666667, 0.0
GRID, 835, , 0.43333333333333335, 0.3666666666666667, 0.0
GRID, 836, , 0.4666666666666667, 0.3666666666666667, 0.0
GRID, 837, , 0.5, 0.3666666666666667, 0.0
GRID, 838, , -0.5, 0.4, 0.0
GRID, 839, , -0.4666666666666667, 0.4, 0.0
GRID, 840, , -0.43333333333333335, 0.4, 0.0
GRID, 841, , -0.4, 0.4, 0.0
GRID, 842, , -0.3666666666666667, 0.4, 0.0
GRID, 843, , -0.33333333333333337, 0.4, 0.0
GRID, 844, , -0.3, 0.4, 0.0
GRID, 845, , -0.26666666666666666, 0.4, 0.0
GRID, 846, , -0.23333333333333334, 0.4, 0.0
GRID, 847, , -0.2, 0.4, 0.0
GRID, 848, , -0.16666666666666669, 0.4, 0.0
GRID, 849, , -0.13333333333333336, 0.4, 0.0
GRID, 850, , -0.09999999999999998, 0.4, 0.0
GRID, 851, , -0.06666666666666665, 0.4, 0.0
GRID, 852, , -0.033333333333333326, 0.4, 0.0
GRID, 853, , 0.0, 0.4, 0.0
GRID, 854, , 0.033333333333333326, 0.4, 0.0
GRID, 855, , 0.06666666666666665, 0.4, 0.0
GRID, 856, , 0.09999999999999998, 0.4, 0.0
GRID, 857, , 0.1333333333333333, 0.4, 0.0
GRID, 858, , 0.16666666666666663, 0.4, 0.0
GRID, 859, , 0.19999999999999996, 0.4, 0.0
GRID, 860, , 0.23333333333333328, 0.4, 0.0
GRID, 861, , 0.2666666666666666, 0.4, 0.0
GRID, 862, , 0.30000000000000004, 0.4, 0.0
GRID, 863, , 0.33333333333333337, 0.4, 0.0
GRID, 864, , 0.3666666666666667, 0.4, 0.0
GRID, 865, , 0.4, 0.4, 0.0
GRID, 866, , 0.43333333333333335, 0.4, 0.0
GRID, 867, , 0.4666666666666667, 0.4, 0.0
GRID, 868, , 0.5, 0.4, 0.0
GRID, 869, , -0.5, 0.43333333333333335, 0.0
GRID, 870, , -0.4666666666666667, 0.43333333333333335, 0.0
GRID, 871, , -0.43333333333333335, 0.43333333333333335, 0.0
GRID, 872, , -0.4, 0.43333333333333335, 0.0
GRID, 873, , -0.3666666666666667, 0.43333333333333335, 0.0
GRID, 874, , -0.33333333333333337, 0.43333333333333335, 0.0
GRID, 875, , -0.3, 0.43333333333333335, 0.0
GRID, 876, , -0.26666666666666666, 0.43333333333333335, 0.0
GRID, 877, , -0.23333333333333334, 0.43333333333333335, 0.0
GRID, 878, , -0.2, 0.43333333333333335, 0.0
GRID, 879, , -0.16666666666666669, 0.43333333333333335, 0.0
GRID, 880, , -0.13333333333333336, 0.43333333333333335, 0.0
GRID, 881, , -0.09999999999999998, 0.43333333333333335, 0.0
GRID, 882, , -0.06666666666666665, 0.43333333333333335, 0.0
GRID, 883, , -0.033333333333333326, 0.43333333333333335, 0.0
GRID, 884, , 0.0, 0.43333333333333335, 0.0
GRID, 885, , 0.033333333333333326, 0.43333333333333335, 0.0
GRID, 886, , 0.06666666666666665, 0.43333333333333335, 0.0
GRID, 887, , 0.09999999999999998, 0.43333333333333335, 0.0
GRID, 888, , 0.1333333333333333, 0.43333333333333335, 0.0
GRID, 889, , 0.16666666666666663, 0.43333333333333335, 0.0
GRID, 890, , 0.19999999999999996, 0.43333333333333335, 0.0
GRID, 891, , 0.23333333333333328, 0.43333333333333335, 0.0
GRID, 892, , 0.2666666666666666, 0.43333333333333335, 0.0
GRID, 893, , 0.30000000000000004, 0.43333333333333335, 0.0
GRID, 894, , 0.33333333333333337, 0.43333333333333335, 0.0
GRID, 895, , 0.3666666666666667, 0.43333333333333335, 0.0
GRID, 896, , 0.4, 0.43333333333333335, 0.0
GRID, 897, , 0.43333333333333335, 0.43333333333333335, 0.0
GRID, 898, , 0.4666666666666667, 0.43333333333333335, 0.0
GRID, 899, , 0.5, 0.43333333333333335, 0.0
GRID, 900, , -0.5, 0.4666666666666667, 0.0
GRID, 901, , -0.4666666666666667, 0.4666666666666667, 0.0
GRID, 902, , -0.43333333333333335, 0.4666666666666667, 0.0
GRID, 903, , -0.4, 0.4666666666666667, 0.0
GRID, 904, , -0.3666666666666667, 0.4666666666666667, 0.0
GRID, 905, , -0.33333333333333337, 0.4666666666666667, 0.0
GRID, 906, , -0.3, 0.4666666666666667, 0.0
GRID, 907, , -0.26666666666666666, 0.4666666666666667, 0.0
GRID, 908, , -0.23333333333333334, 0.4666666666666667, 0.0
GRID, 909, , -0.2, 0.4666666666666667, 0.0
GRID, 910, , -0.16666666666666669, 0.4666666666666667, 0.0
GRID, 911, , -0.13333333333333336, 0.4666666666666667, 0.0
GRID, 912, , -0.09999999999999998, 0.4666666666666667, 0.0
GRID, 913, , -0.06666666666666665, 0.4666666666666667, 0.0
GRID, 914, , -0.033333333333333326, 0.4666666666666667, 0.0
GRID, 915, , 0.0, 0.4666666666666667, 0.0
GRID, 916, , 0.033333333333333326, 0.4666666666666667, 0.0
GRID, 917, , 0.06666666666666665, 0.4666666666666667, 0.0
GRID, 918, , 0.09999999999999998, 0.4666666666666667, 0.0
GRID, 919, , 0.1333333333333333, 0.4666666666666667, 0.0
GRID, 920, , 0.16666666666666663, 0.4666666666666667, 0.0
GRID, 921, , 0.19999999999999996, 0.4666666666666667, 0.0
GRID, 922, , 0.23333333333333328, 0.4666666666666667, 0.0
GRID, 923, , 0.2666666666666666, 0.4666666666666667, 0.0
GRID, 924, , 0.30000000000000004, 0.4666666666666667, 0.0
GRID, 925, , 0.33333333333333337, 0.4666666666666667, 0.0
GRID, 926, , 0.3666666666666667, 0.4666666666666667, 0.0
GRID, 927, , 0.4, 0.4666666666666667, 0.0
GRID, 928, , 0.43333333333333335, 0.4666666666666667, 0.0
GRID, 929, , 0.4666666666666667, 0.4666666666666667, 0.0
GRID, 930, , 0.5, 0.4666666666666667, 0.0
GRID, 931, , -0.5, 0.5, 0.0
GRID, 932, , -0.4666666666666667, 0.5, 0.0
GRID, 933, , -0.43333333333333335, 0.5, 0.0
GRID, 934, , -0.4, 0.5, 0.0
GRID, 935, , -0.3666666666666667, 0.5, 0.0
GRID, 936, , -0.33333333333333337, 0.5, 0.0
GRID, 937, , -0.3, 0.5, 0.0
GRID, 938, , -0.26666666666666666, 0.5, 0.0
GRID, 939, , -0.23333333333333334, 0.5, 0.0
GRID, 940, , -0.2, 0.5, 0.0
GRID, 941, , -0.16666666666666669, 0.5, 0.0
GRID, 942, , -0.13333333333333336, 0.5, 0.0
GRID, 943, , -0.09999999999999998, 0.5, 0.0
GRID, 944, , -0.06666666666666665, 0.5, 0.0
GRID, 945, , -0.033333333333333326, 0.5, 0.0
GRID, 946, , 0.0, 0.5, 0.0
GRID, 947, , 0.033333333333333326, 0.5, 0.0
GRID, 948, , 0.06666666666666665, 0.5, 0.0
GRID, 949, , 0.09999999999999998, 0.5, 0.0
GRID, 950, , 0.1333333333333333, 0.5, 0.0
GRID, 951, , 0.16666666666666663, 0.5, 0.0
GRID, 952, , 0.19999999999999996, 0.5, 0.0
GRID, 953, , 0.23333333333333328, 0.5, 0.0
GRID, 954, , 0.2666666666666666, 0.5, 0.0
GRID, 955, , 0.30000000000000004, 0.5, 0.0
GRID, 956, , 0.33333333333333337, 0.5, 0.0
GRID, 957, , 0.3666666666666667, 0.5, 0.0
GRID, 958, , 0.4, 0.5, 0.0
GRID, 959, , 0.43333333333333335, 0.5, 0.0
GRID, 960, , 0.4666666666666667, 0.5, 0.0
GRID, 961, , 0.5, 0.5, 0.0
CTRIA3, 1, 0, 1, 2, 32
CTRIA3, 2, 0, 2, 33, 32
CTRIA3, 3, 0, 2, 3, 33
CTRIA3, 4, 0, 3, 34, 33
CTRIA3, 5, 0, 3, 4, 34
CTRIA3, 6, 0, 4, 35, 34
CTRIA3, 7, 0, 4, 5, 35
CTRIA3, 8, 0, 5, 36, 35
CTRIA3, 9, 0, 5, 6, 36
CTRIA3, 10, 0, 6, 37, 36
CTRIA3, 11, 0, 6, 7, 37
CTRIA3, 12, 0, 7, 38, 37
CTRIA3, 13, 0, 7, 8, 38
CTRIA3, 14, 0, 8, 39, 38
CTRIA3, 15, 0, 8, 9, 39
CTRIA3, 16, 0, 9, 40, 39
CTRIA3, 17, 0, 9, 10, 40
CTRIA3, 18, 0, 10, 41, 40
CTRIA3, 19, 0, 10, 11, 41
CTRIA3, 20, 0, 11, 42, 41
CTRIA3, 21, 0, 11, 12, 42
CTRIA3, 22, 0, 12, 43, 42
CTRIA3, 23, 0, 12, 13, 43
CTRIA3, 24, 0, 13, 44, 43
CTRIA3, 25, 0, 13, 14, 44
CTRIA3, 26, 0, 14, 45, 44
CTRIA3, 27, 0, 14, 15, 45
CTRIA3, 28, 0, 15, 46, 45
CTRIA3, 29, 0, 15, 16, 46
CTRIA3, 30, 0, 16, 47, 46
CTRIA3, 31, 0, 16, 17, 47
CTRIA3, 32, 0, 17, 48, 47
CTRIA3, 33, 0, 17, 18, 48
CTRIA3, 34, 0, 18, 49, 48
CTRIA3, 35, 0, 18, 19, 49
CTRIA3, 36, 0, 19, 50, 49
CTRIA3, 37, 0, 19, 20, 50
CTRIA3, 38, 0, 20, 51, 50
CTRIA3, 39, 0, 20, 21, 51
CTRIA3, 40, 0, 21, 52, 51
CTRIA3, 41, 0, 21, 22, 52
CTRIA3, 42, 0, 22, 53, 52
CTRIA3, 43, 0, 22, 23, 53
CTRIA3, 44, 0, 23, 54, 53
CTRIA3, 45, 0, 23, 24, 54
CTRIA3, 46, 0, 24, 55, 54
CTRIA3, 47, 0, 24, 25, 55
CTRIA3, 48, 0, 25, 56, 55
CTRIA3, 49, 0, 25, 26, 56
CTRIA3, 50, 0, 26, 57, 56
CTRIA3, 51, 0, 26, 27, 57
CTRIA3, 52, 0, 27, 58, 57
CTRIA3, 53, 0, 27, 28, 58
CTRIA3, 54, 0, 28, 59, 58
CTRIA3, 55, 0, 28, 29, 59
CTRIA3, 56, 0, 29, 60, 59
CTRIA3, 57, 0, 29, 30, 60
CTRIA3, 58, 0, 30, 61, 60
CTRIA3, 59, 0, 30, 31, 61
CTRIA3, 60, 0, 31, 62, 61
CTRIA3, 61, 0, 32, 33, 63
CTRIA3, 62, 0, 33, 64, 63
CTRIA3, 63, 0, 33, 34, 64
CTRIA3, 64, 0, 34, 65, 64
CTRIA3, 65, 0, 34, 35, 65
CTRIA3, 66, 0, 35, 66, 65
CTRIA3, 67, 0, 35, 36, 66
CTRIA3, 68, 0, 36, 67, 66
CTRIA3, 69, 0, 36, 37, 67
CTRIA3, 70, 0, 37, 68, 67
CTRIA3, 71, 0, 37, 38, 68
CTRIA3, 72, 0, 38, 69, 68
CTRIA3, 73, 0, 38, 39, 69
CTRIA3, 74, 0, 39, 70, 69
CTRIA3, 75, 0, 39, 40, 70
CTRIA3, 76, 0, 40, 71, 70
CTRIA3, 77, 0, 40, 41, 71
CTRIA3, 78, 0, 41, 72, 71
CTRIA3, 79, 0, 41, 42, 72
CTRIA3, 80, 0, 42, 73, 72
CTRIA3, 81, 0, 42, 43, 73
CTRIA3, 82, 0, 43, 74, 73
CTRIA3, 83, 0, 43, 44, 74
CTRIA3, 84, 0, 44, 75, 74
CTRIA3, 85, 0, 44, 45, 75
CTRIA3, 86, 0, 45, 76, 75
CTRIA3, 87, 0, 45, 46, 76
CTRIA3, 88, 0, 46, 77, 76
CTRIA3, 89, 0, 46, 47, 77
CTRIA3, 90, 0, 47, 78, 77
CTRIA3, 91, 0, 47, 48, 78
CTRIA3, 92, 0, 48, 79, 78
CTRIA3, 93, 0, 48, 49, 79
CTRIA3, 94, 0, 49, 80, 79
CTRIA3, 95, 0, 49, 50, 80
CTRIA3, 96, 0, 50, 81, 80
CTRIA3, 97, 0, 50, 51, 81
CTRIA3, 98, 0, 51, 82, 81
CTRIA3, 99, 0, 51, 52, 82
CTRIA3, 100, 0, 52, 83, 82
CTRIA3, 101, 0, 52, 53, 83
CTRIA3, 102, 0, 53, 84, 83
CTRIA3, 103, 0, 53, 54, 84
CTRIA3, 104, 0, 54, 85, 84
CTRIA3, 105, 0, 54, 55, 85
CTRIA3, 106, 0, 55, 86, 85
CTRIA3, 107, 0, 55, 56, 86
CTRIA3, 108, 0, 56, 87, 86
CTRIA3, 109, 0, 56, 57, 87
CTRIA3, 110, 0, 57, 88, 87
CTRIA3, 111, 0, 57, 58, 88
CTRIA3, 112, 0, 58, 89, 88
CTRIA3, 113, 0, 58, 59, 89
CTRIA3, 114, 0, 59, 90, 89
CTRIA3, 115, 0, 59, 60, 90
CTRIA3, 116, 0, 60, 91, 90
CTRIA3, 117, 0, 60, 61, 91
CTRIA3, 118, 0, 61, 92, 91
CTRIA3, 119, 0, 61, 62, 92
CTRIA3, 120, 0, 62, 93, 92
CTRIA3, 121, 0, 63, 64, 94
CTRIA3, 122, 0, 64, 95, 94
CTRIA3, 123, 0, 64, 65, 95
CTRIA3, 124, 0, 65, 96, 95
CTRIA3, 125, 0, 65, 66, 96
CTRIA3, 126, 0, 66, 97, 96
CTRIA3, 127, 0, 66, 67, 97
CTRIA3, 128, 0, 67, 98, 97
CTRIA3, 129, 0, 67, 68, 98
CTRIA3, 130, 0, 68, 99, 98
CTRIA3, 131, 0, 68, 69, 99
CTRIA3, 132, 0, 69, 100, 99
CTRIA3, 133, 0, 69, 70, 100
CTRIA3, 134, 0, 70, 101, 100
CTRIA3, 135, 0, 70, 71, 101
CTRIA3, 136, 0, 71, 102, 101
CTRIA3, 137, 0, 71, 72, 102
CTRIA3, 138, 0, 72, 103, 102
CTRIA3, 139, 0, 72, 73, 103
CTRIA3, 140, 0, 73, 104, 103
CTRIA3, 141, 0, 73, 74, 104
CTRIA3, 142, 0, 74, 105, 104
CTRIA3, 143, 0, 74, 75, 105
CTRIA3, 144, 0, 75, 106, 105
CTRIA3, 145, 0, 75, 76, 106
CTRIA3, 146, 0, 76, 107, 106
CTRIA3, 147, 0, 76, 77, 107
CTRIA3, 148, 0, 77, 108, 107
CTRIA3, 149, 0, 77, 78, 108
CTRIA3, 150, 0, 78, 109, 108
CTRIA3, 151, 0, 78, 79, 109
CTRIA3, 152, 0, 79, 110, 109
CTRIA3, 153, 0, 79, 80, 110
CTRIA3, 154, 0, 80, 111, 110
CTRIA3, 155, 0, 80, 81, 111
CTRIA3, 156, 0, 81, 112, 111
CTRIA3, 157, 0, 81, 82, 112
CTRIA3, 158, 0, 82, 113, 112
CTRIA3, 159, 0, 82, 83, 113
CTRIA3, 160, 0, 83, 114, 113
CTRIA3, 161, 0, 83, 84, 114
CTRIA3, 162, 0, 84, 115, 114
CTRIA3, 163, 0, 84, 85, 115
CTRIA3, 164, 0, 85, 116, 115
CTRIA3, 165, 0, 85, 86, 116
CTRIA3, 166, 0, 86, 117, 116
CTRIA3, 167, 0, 86, 87, 117
CTRIA3, 168, 0, 87, 118, 117
CTRIA3, 169, 0, 87, 88, 118
CTRIA3, 170, 0, 88, 119, 118
CTRIA3, 171, 0, 88, 89, 119
CTRIA3, 172, 0, 89, 120, 119
CTRIA3, 173, 0, 89, 90, 120
CTRIA3, 174, 0, 90, 121, 120
CTRIA3, 175, 0, 90, 91, 121
CTRIA3, 176, 0, 91, 122, 121
CTRIA3, 177, 0, 91, 92, 122
CTRIA3, 178, 0, 92, 123, 122
CTRIA3, 179, 0, 92, 93, 123
CTRIA3, 180, 0, 93, 124, 123
CTRIA3, 181, 0, 94, 95, 125
CTRIA3, 182, 0, 95, 126, 125
CTRIA3, 183, 0, 95, 96, 126
CTRIA3, 184, 0, 96, 127, 126
CTRIA3, 185, 0, 96, 97, 127
CTRIA3, 186, 0, 97, 128, 127
CTRIA3, 187, 0, 97, 98, 128
CTRIA3, 188, 0, 98, 129, 128
CTRIA3, 189, 0, 98, 99, 129
CTRIA3, 190, 0, 99, 130, 129
CTRIA3, 191, 0, 99, 100, 130
CTRIA3, 192, 0, 100, 131, 130
CTRIA3, 193, 0, 100, 101, 131
CTRIA3, 194, 0, 101, 132, 131
CTRIA3, 195, 0, 101, 102, 132
CTRIA3, 196, 0, 102, 133, 132
CTRIA3, 197, 0, 102, 103, 133
CTRIA3, 198, 0, 103, 134, 133
CTRIA3, 199, 0, 103, 104, 134
CTRIA3, 200, 0, 104, 135, 134
CTRIA3, 201, 0, 104, 105, 135
CTRIA3, 202, 0, 105, 136, 135
CTRIA3, 203, 0, 105, 106, 136
CTRIA3, 204, 0, 106, 137, 136
CTRIA3, 205, 0, 106, 107, 137
CTRIA3, 206, 0, 107, 138, 137
CTRIA3, 207, 0, 107, 108, 138
CTRIA3, 208, 0, 108, 139, 138
CTRIA3, 209, 0, 108, 109, 139
CTRIA3, 210, 0, 109, 140, 139
CTRIA3, 211, 0, 109, 110, 140
CTRIA3, 212, 0, 110, 141, 140
CTRIA3, 213, 0, 110, 111, 141
CTRIA3, 214, 0, 111, 142, 141
CTRIA3, 215, 0, 111, 112, 142
CTRIA3, 216, 0, 112, 143, 142
CTRIA3, 217, 0, 112, 113, 143
CTRIA3, 218, 0, 113, 144, 143
CTRIA3, 219, 0, 113, 114, 144
CTRIA3, 220, 0, 114, 145, 144
CTRIA3, 221, 0, 114, 115, 145
CTRIA3, 222, 0, 115, 146, 145
CTRIA3, 223, 0, 115, 116, 146
CTRIA3, 224, 0, 116, 147, 146
CTRIA3, 225, 0, 116, 117, 147
CTRIA3, 226, 0, 117, 148, 147
CTRIA3, 227, 0, 117, 118, 148
CTRIA3, 228, 0, 118, 149, 148
CTRIA3, 229, 0, 118, 119, 149
CTRIA3, 230, 0, 119, 150, 149
CTRIA3, 231, 0, 119, 120, 150
CTRIA3, 232, 0, 120, 151, 150
CTRIA3, 233, 0, 120, 121, 151
CTRIA3, 234, 0, 121, 152, 151
CTRIA3, 235, 0, 121, 122, 152
CTRIA3, 236, 0, 122, 153, 152
CTRIA3, 237, 0, 122, 123, 153
CTRIA3, 238, 0, 123, 154, 153
CTRIA3, 239, 0, 123, 124, 154
CTRIA3, 240, 0, 124, 155, 154
CTRIA3, 241, 0, 125, 126, 156
CTRIA3, 242, 0, 126, 157, 156
CTRIA3, 243, 0, 126, 127, 157
CTRIA3, 244, 0, 127, 158, 157
CTRIA3, 245, 0, 127, 128, 158
CTRIA3, 246, 0, 128, 159, 158
CTRIA3, 247, 0, 128, 129, 159
CTRIA3, 248, 0, 129, 160, 159
CTRIA3, 249, 0, 129, 130, 160
CTRIA3, 250, 0, 130, 161, 160
CTRIA3, 251, 0, 130, 131, 161
CTRIA3, 252, 0, 131, 162, 161
CTRIA3, 253, 0, 131, 132, 162
CTRIA3, 254, 0, 132, 163, 162
CTRIA3, 255, 0, 132, 133, 163
CTRIA3, 256, 0, 133, 164, 163
CTRIA3, 257, 0, 133, 134, 164
CTRIA3, 258, 0, 134, 165, 164
CTRIA3, 259, 0, 134, 135, 165
CTRIA3, 260, 0, 135, 166, 165
CTRIA3, 261, 0, 135, 136, 166
CTRIA3, 262, 0, 136, 167, 166
CTRIA3, 263, 0, 136, 137, 167
CTRIA3, 264, 0, 137, 168, 167
CTRIA3, 265, 0, 137, 138, 168
CTRIA3, 266, 0, 138, 169, 168
CTRIA3, 267, 0, 138, 139, 169
CTRIA3, 268, 0, 139, 170, 169
CTRIA3, 269, 0, 139, 140, 170
CTRIA3, 270, 0, 140, 171, 170
CTRIA3, 271, 0, 140, 141, 171
CTRIA3, 272, 0, 141, 172, 171
CTRIA3, 273, 0, 141, 142, 172
CTRIA3, 274, 0, 142, 173, 172
CTRIA3, 275, 0, 142, 143, 173
CTRIA3, 276, 0, 143, 174, 173
CTRIA3, 277, 0, 143, 144, 174
CTRIA3, 278, 0, 144, 175, 174
CTRIA3, 279, 0, 144, 145, 175
CTRIA3, 280, 0, 145, 176, 175
CTRIA3, 281, 0, 145, 146, 176
CTRIA3, 282, 0, 146, 177, 176
CTRIA3, 283, 0, 146, 147, 177
CTRIA3, 284, 0, 147, 178, 177
CTRIA3, 285, 0, 147, 148, 178
CTRIA3, 286, 0, 148, 179, 178
CTRIA3, 287, 0, 148, 149, 179
CTRIA3, 288, 0, 149, 180, 179
CTRIA3, 289, 0, 149, 150, 180
CTRIA3, 290, 0, 150, 181, 180
CTRIA3, 291, 0, 150, 151, 181
CTRIA3, 292, 0, 151, 182, 181
CTRIA3, 293, 0, 151, 152, 182
CTRIA3, 294, 0, 152, 183, 182
CTRIA3, 295, 0, 152, 153, 183
CTRIA3, 296, 0, 153, 184, 183
CTRIA3, 297, 0, 153, 154, 184
CTRIA3, 298, 0, 154, 185, 184
CTRIA3, 299, 0, 154, 155, 185
CTRIA3, 300, 0, 155, 186, 185
CTRIA3, 301, 0, 156, 157, 187
CTRIA3, 302, 0, 157, 188, 187
CTRIA3, 303, 0, 157, 158, 188
CTRIA3, 304, 0, 158, 189, 188
CTRIA3, 305, 0, 158, 159, 189
CTRIA3, 306, 0, 159, 190, 189
CTRIA3, 307, 0, 159, 160, 190
CTRIA3, 308, 0, 160, 191, 190
CTRIA3, 309, 0, 160, 161, 191
CTRIA3, 310, 0, 161, 192, 191
CTRIA3, 311, 0, 161, 162, 192
CTRIA3, 312, 0, 162, 193, 192
CTRIA3, 313, 0, 162, 163, 193
CTRIA3, 314, 0, 163, 194, 193
CTRIA3, 315, 0, 163, 164, 194
CTRIA3, 316, 0, 164, 195, 194
CTRIA3, 317, 0, 164, 165, 195
CTRIA3, 318, 0, 165, 196, 195
CTRIA3, 319, 0, 165, 166, 196
CTRIA3, 320, 0, 166, 197, 196
CTRIA3, 321, 0, 166, 167, 197
CTRIA3, 322, 0, 167, 198, 197
CTRIA3, 323, 0, 167, 168, 198
CTRIA3, 324, 0, 168, 199, 198
CTRIA3, 325, 0, 168, 169, 199
CTRIA3, 326, 0, 169, 200, 199
CTRIA3, 327, 0, 169, 170, 200
CTRIA3, 328, 0, 170, 201, 200
CTRIA3, 329, 0, 170, 171, 201
CTRIA3, 330, 0, 171, 202, 201
CTRIA3, 331, 0, 171, 172, 202
CTRIA3, 332, 0, 172, 203, 202
CTRIA3, 333, 0, 172, 173, 203
CTRIA3, 334, 0, 173, 204, 203
CTRIA3, 335, 0, 173, 174, 204
CTRIA3, 336, 0, 174, 205, 204
CTRIA3, 337, 0, 174, 175, 205
CTRIA3, 338, 0, 175, 206, 205
CTRIA3, 339, 0, 175, 176, 206
CTRIA3, 340, 0, 176, 207, 206
CTRIA3, 341, 0, 176, 177, 207
CTRIA3, 342, 0, 177, 208, 207
CTRIA3, 343, 0, 177, 178, 208
CTRIA3, 344, 0, 178, 209, 208
CTRIA3, 345, 0, 178, 179, 209
CTRIA3, 346, 0, 179, 210, 209
CTRIA3, 347, 0, 179, 180, 210
CTRIA3, 348, 0, 180, 211, 210
CTRIA3, 349, 0, 180, 181, 211
CTRIA3, 350, 0, 181, 212, 211
CTRIA3, 351, 0, 181, 182, 212
CTRIA3, 352, 0, 182, 213, 212
CTRIA3, 353, 0, 182, 183, 213
CTRIA3, 354, 0, 183, 214, 213
CTRIA3, 355, 0, 183, 184, 214
CTRIA3, 356, 0, 184, 215, 214
CTRIA3, 357, 0, 184, 185, 215
CTRIA3, 358, 0, 185, 216, 215
CTRIA3, 359, 0, 185, 186, 216
CTRIA3, 360, 0, 186, 217, 216
CTRIA3, 361, 0, 187, 188, 218
CTRIA3, 362, 0, 188, 219, 218
CTRIA3, 363, 0, 188, 189, 219
CTRIA3, 364, 0, 189, 220, 219
CTRIA3, 365, 0, 189, 190, 220
CTRIA3, 366, 0, 190, 221, 220
CTRIA3, 367, 0, 190, 191, 221
CTRIA3, 368, 0, 191, 222, 221
CTRIA3, 369, 0, 191, 192, 222
CTRIA3, 370, 0, 192, 223, 222
CTRIA3, 371, 0, 192, 193, 223
CTRIA3, 372, 0, 193, 224, 223
CTRIA3, 373, 0, 193, 194, 224
CTRIA3, 374, 0, 194, 225, 224
CTRIA3, 375, 0, 194, 195, 225
CTRIA3, 376, 0, 195, 226, 225
CTRIA3, 377, 0, 195, 196, 226
CTRIA3, 378, 0, 196, 227, 226
CTRIA3, 379, 0, 196, 197, 227
CTRIA3, 380, 0, 197, 228, 227
CTRIA3, 381, 0, 197, 198, 228
CTRIA3, 382, 0, 198, 229, 228
CTRIA3, 383, 0, 198, 199, 229
CTRIA3, 384, 0, 199, 230, 229
CTRIA3, 385, 0, 199, 200, 230
CTRIA3, 386, 0, 200, 231, 230
CTRIA3, 387, 0, 200, 201, 231
CTRIA3, 388, 0, 201, 232, 231
CTRIA3, 389, 0, 201, 202, 232
CTRIA3, 390, 0, 202, 233, 232
CTRIA3, 391, 0, 202, 203, 233
CTRIA3, 392, 0, 203, 234, 233
CTRIA3, 393, 0, 203, 204, 234
CTRIA3, 394, 0, 204, 235, 234
CTRIA3, 395, 0, 204, 205, 235
CTRIA3, 396, 0, 205, 236, 235
CTRIA3, 397, 0, 205, 206, 236
CTRIA3, 398, 0, 206, 237, 236
CTRIA3, 399, 0, 206, 207, 237
CTRIA3, 400, 0, 207, 238, 237
CTRIA3, 401, 0, 207, 208, 238
CTRIA3, 402, 0, 208, 239, 238
CTRIA3, 403, 0, 208, 209, 239
CTRIA3, 404, 0, 209, 240, 239
CTRIA3, 405, 0, 209, 210, 240
CTRIA3, 406, 0, 210, 241, 240
CTRIA3, 407, 0, 210, 211, 241
CTRIA3, 408, 0, 211, 242, 241
CTRIA3, 409, 0, 211, 212, 242
CTRIA3, 410, 0, 212, 243, 242
CTRIA3, 411, 0, 212, 213, 243
CTRIA3, 412, 0, 213, 244, 243
CTRIA3, 413, 0, 213, 214, 244
CTRIA3, 414, 0, 214, 245, 244
CTRIA3, 415, 0, 214, 215, 245
CTRIA3, 416, 0, 215, 246, 245
CTRIA3, 417, 0, 215, 216, 246
CTRIA3, 418, 0, 216, 247, 246
CTRIA3, 419, 0, 216, 217, 247
CTRIA3, 420, 0, 217, 248, 247
CTRIA3, 421, 0, 218, 219, 249
CTRIA3, 422, 0, 219, 250, 249
CTRIA3, 423, 0, 219, 220, 250
CTRIA3, 424, 0, 220, 251, 250
CTRIA3, 425, 0, 220, 221, 251
CTRIA3, 426, 0, 221, 252, 251
CTRIA3, 427, 0, 221, 222, 252
CTRIA3, 428, 0, 222, 253, 252
CTRIA3, 429, 0, 222, 223, 253
CTRIA3, 430, 0, 223, 254, 253
CTRIA3, 431, 0, 223, 224, 254
CTRIA3, 432, 0, 224, 255, 254
CTRIA3, 433, 0, 224, 225, 255
CTRIA3, 434, 0, 225, 256, 255
CTRIA3, 435, 0, 225, 226, 256
CTRIA3, 436, 0, 226, 257, 256
CTRIA3, 437, 0, 226, 227, 257
CTRIA3, 438, 0, 227, 258, 257
CTRIA3, 439, 0, 227, 228, 258
CTRIA3, 440, 0, 228, 259, 258
CTRIA3, 441, 0, 228, 229, 259
CTRIA3, 442, 0, 229, 260, 259
CTRIA3, 443, 0, 229, 230, 260
CTRIA3, 444, 0, 230, 261, 260
CTRIA3, 445, 0, 230, 231, 261
CTRIA3, 446, 0, 231, 262, 261
CTRIA3, 447, 0, 231, 232, 262
CTRIA3, 448, 0, 232, 263, 262
CTRIA3, 449, 0, 232, 233, 263
CTRIA3, 450, 0, 233, 264, 263
CTRIA3, 451, 0, 233, 234, 264
CTRIA3, 452, 0, 234, 265, 264
CTRIA3, 453, 0, 234, 235, 265
CTRIA3, 454, 0, 235, 266, 265
CTRIA3, 455, 0, 235, 236, 266
CTRIA3, 456, 0, 236, 267, 266
CTRIA3, 457, 0, 236, 237, 267
CTRIA3, 458, 0, 237, 268, 267
CTRIA3, 459, 0, 237, 238, 268
CTRIA3, 460, 0, 238, 269, 268
CTRIA3, 461, 0, 238, 239, 269
CTRIA3, 462, 0, 239, 270, 269
CTRIA3, 463, 0, 239, 240, 270
CTRIA3, 464, 0, 240, 271, 270
CTRIA3, 465, 0, 240, 241, 271
CTRIA3, 466, 0, 241, 272, 271
CTRIA3, 467, 0, 241, 242, 272
CTRIA3, 468, 0, 242, 273, 272
CTRIA3, 469, 0, 242, 243, 273
CTRIA3, 470, 0, 243, 274, 273
CTRIA3, 471, 0, 243, 244, 274
CTRIA3, 472, 0, 244, 275, 274
CTRIA3, 473, 0, 244, 245, 275
CTRIA3, 474, 0, 245, 276, 275
CTRIA3, 475, 0, 245, 246, 276
CTRIA3, 476, 0, 246, 277, 276
CTRIA3, 477, 0, 246, 247, 277
CTRIA3, 478, 0, 247, 278, 277
CTRIA3, 479, 0, 247, 248, 278
CTRIA3, 480, 0, 248, 279, 278
CTRIA3, 481, 0, 249, 250, 280
CTRIA3, 482, 0, 250, 281, 280
CTRIA3, 483, 0, 250, 251, 281
CTRIA3, 484, 0, 251, 282, 281
CTRIA3, 485, 0, 251, 252, 282
CTRIA3, 486, 0, 252, 283, 282
CTRIA3, 487, 0, 252, 253, 283
CTRIA3, 488, 0, 253, 284, 283
CTRIA3, 489, 0, 253, 254, 284
CTRIA3, 490, 0, 254, 285, 284
CTRIA3, 491, 0, 254, 255, 285
CTRIA3, 492, 0, 255, 286, 285
CTRIA3, 493, 0, 255, 256, 286
CTRIA3, 494, 0, 256, 287, 286
CTRIA3, 495, 0, 256, 257, 287
CTRIA3, 496, 0, 257, 288, 287
CTRIA3, 497, 0, 257, 258, 288
CTRIA3, 498, 0, 258, 289, 288
CTRIA3, 499, 0, 258, 259, 289
CTRIA3, 500, 0, 259, 290, 289
CTRIA3, 501, 0, 259, 260, 290
CTRIA3, 502, 0, 260, 291, 290
CTRIA3, 503, 0, 260, 261, 291
CTRIA3, 504, 0, 261, 292, 291
CTRIA3, 505, 0, 261, 262, 292
CTRIA3, 506, 0, 262, 293, 292
CTRIA3, 507, 0, 262, 263, 293
CTRIA3, 508, 0, 263, 294, 293
CTRIA3, 509, 0, 263, 264, 294
CTRIA3, 510, 0, 264, 295, 294
CTRIA3, 511, 0, 264, 265, 295
CTRIA3, 512, 0, 265, 296, 295
CTRIA3, 513, 0, 265, 266, 296
CTRIA3, 514, 0, 266, 297, 296
CTRIA3, 515, 0, 266, 267, 297
CTRIA3, 516, 0, 267, 298, 297
CTRIA3, 517, 0, 267, 268, 298
CTRIA3, 518, 0, 268, 299, 298
CTRIA3, 519, 0, 268, 269, 299
CTRIA3, 520, 0, 269, 300, 299
CTRIA3, 521, 0, 269, 270, 300
CTRIA3, 522, 0, 270, 301, 300
CTRIA3, 523, 0, 270, 271, 301
CTRIA3, 524, 0, 271, 302, 301
CTRIA3, 525, 0, 271, 272, 302
CTRIA3, 526, 0, 272, 303, 302
CTRIA3, 527, 0, 272, 273, 303
CTRIA3, 528, 0, 273, 304, 303
CTRIA3, 529, 0, 273, 274, 304
CTRIA3, 530, 0, 274, 305, 304
CTRIA3, 531, 0, 274, 275, 305
CTRIA3, 532, 0, 275, 306, 305
CTRIA3, 533, 0, 275, 276, 306
CTRIA3, 534, 0, 276, 307, 306
CTRIA3, 535, 0, 276, 277, 307
CTRIA3, 536, 0, 277, 308, 307
CTRIA3, 537, 0, 277, 278, 308
CTRIA3, 538, 0, 278, 309, 308
CTRIA3, 539, 0, 278, 279, 309
CTRIA3, 540, 0, 279, 310, 309
CTRIA3, 541, 0, 280, 281, 311
CTRIA3, 542, 0, 281, 312, 311
CTRIA3, 543, 0, 281, 282, 312
CTRIA3, 544, 0, 282, 313, 312
CTRIA3, 545, 0, 282, 283, 313
CTRIA3, 546, 0, 283, 314, 313
CTRIA3, 547, 0, 283, 284, 314
CTRIA3, 548, 0, 284, 315, 314
CTRIA3, 549, 0, 284, 285, 315
CTRIA3, 550, 0, 285, 316, 315
CTRIA3, 551, 0, 285, 286, 316
CTRIA3, 552, 0, 286, 317, 316
CTRIA3, 553, 0, 286, 287, 317
CTRIA3, 554, 0, 287, 318, 317
CTRIA3, 555, 0, 287, 288, 318
CTRIA3, 556, 0, 288, 319, 318
CTRIA3, 557, 0, 288, 289, 319
CTRIA3, 558, 0, 289, 320, 319
CTRIA3, 559, 0, 289, 290, 320
CTRIA3, 560, 0, 290, 321, 320
CTRIA3, 561, 0, 290, 291, 321
CTRIA3, 562, 0, 291, 322, 321
CTRIA3, 563, 0, 291, 292, 322
CTRIA3, 564, 0, 292, 323, 322
CTRIA3, 565, 0, 292, 293, 323
CTRIA3, 566, 0, 293, 324, 323
CTRIA3, 567, 0, 293, 294, 324
CTRIA3, 568, 0, 294, 325, 324
CTRIA3, 569, 0, 294, 295, 325
CTRIA3, 570, 0, 295, 326, 325
CTRIA3, 571, 0, 295, 296, 326
CTRIA3, 572, 0, 296, 327, 326
CTRIA3, 573, 0, 296, 297, 327
CTRIA3, 574, 0, 297, 328, 327
CTRIA3, 575, 0, 297, 298, 328
CTRIA3, 576, 0, 298, 329, 328
CTRIA3, 577, 0, 298, 299, 329
CTRIA3, 578, 0, 299, 330, 329
CTRIA3, 579, 0, 299, 300, 330
CTRIA3, 580, 0, 300, 331, 330
CTRIA3, 581, 0, 300, 301, 331
CTRIA3, 582, 0, 301, 332, 331
CTRIA3, 583, 0, 301, 302, 332
CTRIA3, 584, 0, 302, 333, 332
CTRIA3, 585, 0, 302, 303, 333
CTRIA3, 586, 0, 303, 334, 333
CTRIA3, 587, 0, 303, 304, 334
CTRIA3, 588, 0, 304, 335, 334
CTRIA3, 589, 0, 304, 305, 335
CTRIA3, 590, 0, 305, 336, 335
CTRIA3, 591, 0, 305, 306, 336
CTRIA3, 592, 0, 306, 337, 336
CTRIA3, 593, 0, 306, 307, 337
CTRIA3, 594, 0, 307, 338, 337
CTRIA3, 595, 0, 307, 308, 338
CTRIA3, 596, 0, 308, 339, 338
CTRIA3, 597, 0, 308, 309, 339
CTRIA3, 598, 0, 309, 340, 339
CTRIA3, 599, 0, 309, 310, 340
CTRIA3, 600, 0, 310, 341, 340
CTRIA3, 601, 0, 311, 312, 342
CTRIA3, 602, 0, 312, 343, 342
CTRIA3, 603, 0, 312, 313, 343
CTRIA3, 604, 0, 313, 344, 343
CTRIA3, 605, 0, 313, 314, 344
CTRIA3, 606, 0, 314, 345, 344
CTRIA3, 607, 0, 314, 315, 345
CTRIA3, 608, 0, 315, 346, 345
CTRIA3, 609, 0, 315, 316, 346
CTRIA3, 610, 0, 316, 347, 346
CTRIA3, 611, 0, 316, 317, 347
CTRIA3, 612, 0, 317, 348, 347
CTRIA3, 613, 0, 317, 318, 348
CTRIA3, 614, 0, 318, 349, 348
CTRIA3, 615, 0, 318, 319, 349
CTRIA3, 616, 0, 319, 350, 349
CTRIA3, 617, 0, 319, 320, 350
CTRIA3, 618, 0, 320, 351, 350
CTRIA3, 619, 0, 320, 321, 351
CTRIA3, 620, 0, 321, 352, 351
CTRIA3, 621, 0, 321, 322, 352
CTRIA3, 622, 0, 322, 353, 352
CTRIA3, 623, 0, 322, 323, 353
CTRIA3, 624, 0, 323, 354, 353
CTRIA3, 625, 0, 323, 324, 354
CTRIA3, 626, 0, 324, 355, 354
CTRIA3, 627, 0, 324, 325, 355
CTRIA3, 628, 0, 325, 356, 355
CTRIA3, 629, 0, 325, 326, 356
CTRIA3, 630, 0, 326, 357, 356
CTRIA3, 631, 0, 326, 327, 357
CTRIA3, 632, 0, 327, 358, 357
CTRIA3, 633, 0, 327, 328, 358
CTRIA3, 634, 0, 328, 359, 358
CTRIA3, 635, 0, 328, 329, 359
CTRIA3, 636, 0, 329, 360, 359
CTRIA3, 637, 0, 329, 330, 360
CTRIA3, 638, 0, 330, 361, 360
CTRIA3, 639, 0, 330, 331, 361
CTRIA3, 640, 0, 331, 362, 361
CTRIA3, 641, 0, 331, 332, 362
CTRIA3, 642, 0, 332, 363, 362
CTRIA3, 643, 0, 332, 333, 363
CTRIA3, 644, 0, 333, 364, 363
CTRIA3, 645, 0, 333, 334, 364
CTRIA3, 646, 0, 334, 365, 364
CTRIA3, 647, 0, 334, 335, 365
CTRIA3, 648, 0, 335, 366, 365
CTRIA3, 649, 0, 335, 336, 366
CTRIA3, 650, 0, 336, 367, 366
CTRIA3, 651, 0, 336, 337, 367
CTRIA3, 652, 0, 337, 368, 367
CTRIA3, 653, 0, 337, 338, 368
CTRIA3, 654, 0, 338, 369, 368
CTRIA3, 655, 0, 338, 339, 369
CTRIA3, 656, 0, 339, 370, 369
CTRIA3, 657, 0, 339, 340, 370
CTRIA3, 658, 0, 340, 371, 370
CTRIA3, 659, 0, 340, 341, 371
CTRIA3, 660, 0, 341, 372, 371
CTRIA3, 661, 0, 342, 343, 373
CTRIA3, 662, 0, 343, 374, 373
CTRIA3, 663, 0, 343, 344, 374
CTRIA3, 664, 0, 344, 375, 374
CTRIA3, 665, 0, 344, 345, 375
CTRIA3, 666, 0, 345, 376, 375
CTRIA3, 667, 0, 345, 346, 376
CTRIA3, 668, 0, 346, 377, 376
CTRIA3, 669, 0, 346, 347, 377
CTRIA3, 670, 0, 347, 378, 377
CTRIA3, 671, 0, 347, 348, 378
CTRIA3, 672, 0, 348, 379, 378
CTRIA3, 673, 0, 348, 349, 379
CTRIA3, 674, 0, 349, 380, 379
CTRIA3, 675, 0, 349, 350, 380
CTRIA3, 676, 0, 350, 381, 380
CTRIA3, 677, 0, 350, 351, 381
CTRIA3, 678, 0, 351, 382, 381
CTRIA3, 679, 0, 351, 352, 382
CTRIA3, 680, 0, 352, 383, 382
CTRIA3, 681, 0, 352, 353, 383
CTRIA3, 682, 0, 353, 384, 383
CTRIA3, 683, 0, 353, 354, 384
CTRIA3, 684, 0, 354, 385, 384
CTRIA3, 685, 0, 354, 355, 385
CTRIA3, 686, 0, 355, 386, 385
CTRIA3, 687, 0, 355, 356, 386
CTRIA3, 688, 0, 356, 387, 386
CTRIA3, 689, 0, 356, 357, 387
CTRIA3, 690, 0, 357, 388, 387
CTRIA3, 691, 0, 357, 358, 388
CTRIA3, 692, 0, 358, 389, 388
CTRIA3, 693, 0, 358, 359, 389
CTRIA3, 694, 0, 359, 390, 389
CTRIA3, 695, 0, 359, 360, 390
CTRIA3, 696, 0, 360, 391, 390
CTRIA3, 697, 0, 360, 361, 391
CTRIA3, 698, 0, 361, 392, 391
CTRIA3, 699, 0, 361, 362, 392
CTRIA3, 700, 0, 362, 393, 392
CTRIA3, 701, 0, 362, 363, 393
CTRIA3, 702, 0, 363, 394, 393
CTRIA3, 703, 0, 363, 364, 394
CTRIA3, 704, 0, 364, 395, 394
CTRIA3, 705, 0, 364, 365, 395
CTRIA3, 706, 0, 365, 396, 395
CTRIA3, 707, 0, 365, 366, 396
CTRIA3, 708, 0, 366, 397, 396
CTRIA3, 709, 0, 366, 367, 397
CTRIA3, 710, 0, 367, 398, 397
CTRIA3, 711, 0, 367, 368, 398
CTRIA3, 712, 0, 368, 399, 398
CTRIA3, 713, 0, 368, 369, 399
CTRIA3, 714, 0, 369, 400, 399
CTRIA3, 715, 0, 369, 370, 400
CTRIA3, 716, 0, 370, 401, 400
CTRIA3, 717, 0, 370, 371, 401
CTRIA3, 718, 0, 371, 402, 401
CTRIA3, 719, 0, 371, 372, 402
CTRIA3, 720, 0, 372, 403, 402
CTRIA3, 721, 0, 373, 374, 404
CTRIA3, 722, 0, 374, 405, 404
CTRIA3, 723, 0, 374, 375, 405
CTRIA3, 724, 0, 375, 406, 405
CTRIA3, 725, 0, 375, 376, 406
CTRIA3, 726, 0, 376, 407, 406
CTRIA3, 727, 0, 376, 377, 407
CTRIA3, 728, 0, 377, 408, 407
CTRIA3, 729, 0, 377, 378, 408
CTRIA3, 730, 0, 378, 409, 408
CTRIA3, 731, 0, 378, 379, 409
CTRIA3, 732, 0, 379, 410, 409
CTRIA3, 733, 0, 379, 380, 410
CTRIA3, 734, 0, 380, 411, 410
CTRIA3, 735, 0, 380, 381, 411
CTRIA3, 736, 0, 381, 412, 411
CTRIA3, 737, 0, 381, 382, 412
CTRIA3, 738, 0, 382, 413, 412
CTRIA3, 739, 0, 382, 383, 413
CTRIA3, 740, 0, 383, 414, 413
CTRIA3, 741, 0, 383, 384, 414
CTRIA3, 742, 0, 384, 415, 414
CTRIA3, 743, 0, 384, 385, 415
CTRIA3, 744, 0, 385, 416, 415
CTRIA3, 745, 0, 385, 386, 416
CTRIA3, 746, 0, 386, 417, 416
CTRIA3, 747, 0, 386, 387, 417
CTRIA3, 748, 0, 387, 418, 417
CTRIA3, 749, 0, 387, 388, 418
CTRIA3, 750, 0, 388, 419, 418
CTRIA3, 751, 0, 388, 389, 419
CTRIA3, 752, 0, 389, 420, 419
CTRIA3, 753, 0, 389, 390, 420
CTRIA3, 754, 0, 390, 421, 420
CTRIA3, 755, 0, 390, 391, 421
CTRIA3, 756, 0, 391, 422, 421
CTRIA3, 757, 0, 391, 392, 422
CTRIA3, 758, 0, 392, 423, 422
CTRIA3, 759, 0, 392, 393, 423
CTRIA3, 760, 0, 393, 424, 423
CTRIA3, 761, 0, 393, 394, 424
CTRIA3, 762, 0, 394, 425, 424
CTRIA3, 763, 0, 394, 395, 425
CTRIA3, 764, 0, 395, 426, 425
CTRIA3, 765, 0, 395, 396, 426
CTRIA3, 766, 0, 396, 427, 426
CTRIA3, 767, 0, 396, 397, 427
CTRIA3, 768, 0, 397, 428, 427
CTRIA3, 769, 0, 397, 398, 428
CTRIA3, 770, 0, 398, 429, 428
CTRIA3, 771, 0, 398, 399, 429
CTRIA3, 772, 0, 399, 430, 429
CTRIA3, 773, 0, 399, 400, 430
CTRIA3, 774, 0, 400, 431, 430
CTRIA3, 775, 0, 400, 401, 431
CTRIA3, 776, 0, 401, 432, 431
CTRIA3, 777, 0, 401, 402, 432
CTRIA3, 778, 0, 402, 433, 432
CTRIA3, 779, 0, 402, 403, 433
CTRIA3, 780, 0, 403, 434, 433
CTRIA3, 781, 0, 404, 405, 435
CTRIA3, 782, 0, 405, 436, 435
CTRIA3, 783, 0, 405, 406, 436
CTRIA3, 784, 0, 406, 437, 436
CTRIA3, 785, 0, 406, 407, 437
CTRIA3, 786, 0, 407, 438, 437
CTRIA3, 787, 0, 407, 408, 438
CTRIA3, 788, 0, 408, 439, 438
CTRIA3, 789, 0, 408, 409, 439
CTRIA3, 790, 0, 409, 440, 439
CTRIA3, 791, 0, 409, 410, 440
CTRIA3, 792, 0, 410, 441, 440
CTRIA3, 793, 0, 410, 411, 441
CTRIA3, 794, 0, 411, 442, 441
CTRIA3, 795, 0, 411, 412, 442
CTRIA3, 796, 0, 412, 443, 442
CTRIA3, 797, 0, 412, 413, 443
CTRIA3, 798, 0, 413, 444, 443
CTRIA3, 799, 0, 413, 414, 444
CTRIA3, 800, 0, 414, 445, 444
CTRIA3, 801, 0, 414, 415, 445
CTRIA3, 802, 0, 415, 446, 445
CTRIA3, 803, 0, 415, 416, 446
CTRIA3, 804, 0, 416, 447, 446
CTRIA3, 805, 0, 416, 417, 447
CTRIA3, 806, 0, 417, 448, 447
CTRIA3, 807, 0, 417, 418, 448
CTRIA3, 808, 0, 418, 449, 448
CTRIA3, 809, 0, 418, 419, 449
CTRIA3, 810, 0, 419, 450, 449
CTRIA3, 811, 0, 419, 420, 450
CTRIA3, 812, 0, 420, 451, 450
CTRIA3, 813, 0, 420, 421, 451
CTRIA3, 814, 0, 421, 452, 451
CTRIA3, 815, 0, 421, 422, 452
CTRIA3, 816, 0, 422, 453, 452
CTRIA3, 817, 0, 422, 423, 453
CTRIA3, 818, 0, 423, 454, 453
CTRIA3, 819, 0, 423, 424, 454
CTRIA3, 820, 0, 424, 455, 454
CTRIA3, 821, 0, 424, 425, 455
CTRIA3, 822, 0, 425, 456, 455
CTRIA3, 823, 0, 425, 426, 456
CTRIA3, 824, 0, 426, 457, 456
CTRIA3, 825, 0, 426, 427, 457
CTRIA3, 826, 0, 427, 458, 457
CTRIA3, 827, 0, 427, 428, 458
CTRIA3, 828, 0, 428, 459, 458
CTRIA3, 829, 0, 428, 429, 459
CTRIA3, 830, 0, 429, 460, 459
CTRIA3, 831, 0, 429, 430, 460
CTRIA3, 832, 0, 430, 461, 460
CTRIA3, 833, 0, 430, 431, 461
CTRIA3, 834, 0, 431, 462, 461
CTRIA3, 835, 0, 431, 432, 462
CTRIA3, 836, 0, 432, 463, 462
CTRIA3, 837, 0, 432, 433, 463
CTRIA3, 838, 0, 433, 464, 463
CTRIA3, 839, 0, 433, 434, 464
CTRIA3, 840, 0, 434, 465, 464
CTRIA3, 841, 0, 435, 436, 466
CTRIA3, 842, 0, 436, 467, 466
CTRIA3, 843, 0, 436, 437, 467
CTRIA3, 844, 0, 437, 468, 467
CTRIA3, 845, 0, 437, 438, 468
CTRIA3, 846, 0, 438, 469, 468
CTRIA3, 847, 0, 438, 439, 469
CTRIA3, 848, 0, 439, 470, 469
CTRIA3, 849, 0, 439, 440, 470
CTRIA3, 850, 0, 440, 471, 470
CTRIA3, 851, 0, 440, 441, 471
CTRIA3, 852, 0, 441, 472, 471
CTRIA3, 853, 0, 441, 442, 472
CTRIA3, 854, 0, 442, 473, 472
CTRIA3, 855, 0, 442, 443, 473
CTRIA3, 856, 0, 443, 474, 473
CTRIA3, 857, 0, 443, 444, 474
CTRIA3, 858, 0, 444, 475, 474
CTRIA3, 859, 0, 444, 445, 475
CTRIA3, 860, 0, 445, 476, 475
CTRIA3, 861, 0, 445, 446, 476
CTRIA3, 862, 0, 446, 477, 476
CTRIA3, 863, 0, 446, 447, 477
CTRIA3, 864, 0, 447, 478, 477
CTRIA3, 865, 0, 447, 448, 478
CTRIA3, 866, 0, 448, 479, 478
CTRIA3, 867, 0, 448, 449, 479
CTRIA3, 868, 0, 449, 480, 479
CTRIA3, 869, 0, 449, 450, 480
CTRIA3, 870, 0, 450, 481, 480
CTRIA3, 871, 0, 450, 451, 481
CTRIA3, 872, 0, 451, 482, 481
CTRIA3, 873, 0, 451, 452, 482
CTRIA3, 874, 0, 452, 483, 482
CTRIA3, 875, 0, 452, 453, 483
CTRIA3, 876, 0, 453, 484, 483
CTRIA3, 877, 0, 453, 454, 484
CTRIA3, 878, 0, 454, 485, 484
CTRIA3, 879, 0, 454, 455, 485
CTRIA3, 880, 0, 455, 486, 485
CTRIA3, 881, 0, 455, 456, 486
CTRIA3, 882, 0, 456, 487, 486
CTRIA3, 883, 0, 456, 457, 487
CTRIA3, 884, 0, 457, 488, 487
CTRIA3, 885, 0, 457, 458, 488
CTRIA3, 886, 0, 458, 489, 488
CTRIA3, 887, 0, 458, 459, 489
CTRIA3, 888, 0, 459, 490, 489
CTRIA3, 889, 0, 459, 460, 490
CTRIA3, 890, 0, 460, 491, 490
CTRIA3, 891, 0, 460, 461, 491
CTRIA3, 892, 0, 461, 492, 491
CTRIA3, 893, 0, 461, 462, 492
CTRIA3, 894, 0, 462, 493, 492
CTRIA3, 895, 0, 462, 463, 493
CTRIA3, 896, 0, 463, 494, 493
CTRIA3, 897, 0, 463, 464, 494
CTRIA3, 898, 0, 464, 495, 494
CTRIA3, 899, 0, 464, 465, 495
CTRIA3, 900, 0, 465, 496, 495
CTRIA3, 901, 0, 466, 467, 497
CTRIA3, 902, 0, 467, 498, 497
CTRIA3, 903, 0, 467, 468, 498
CTRIA3, 904, 0, 468, 499, 498
CTRIA3, 905, 0, 468, 469, 499
CTRIA3, 906, 0, 469, 500, 499
CTRIA3, 907, 0, 469, 470, 500
CTRIA3, 908, 0, 470, 501, 500
CTRIA3, 909, 0, 470, 471, 501
CTRIA3, 910, 0, 471, 502, 501
CTRIA3, 911, 0, 471, 472, 502
CTRIA3, 912, 0, 472, 503, 502
CTRIA3, 913, 0, 472, 473, 503
CTRIA3, 914, 0, 473, 504, 503
CTRIA3, 915, 0, 473, 474, 504
CTRIA3, 916, 0, 474, 505, 504
CTRIA3, 917, 0, 474, 475, 505
CTRIA3, 918, 0, 475, 506, 505
CTRIA3, 919, 0, 475, 476, 506
CTRIA3, 920, 0, 476, 507, 506
CTRIA3, 921, 0, 476, 477, 507
CTRIA3, 922, 0, 477, 508, 507
CTRIA3, 923, 0, 477, 478, 508
CTRIA3, 924, 0, 478, 509, 508
CTRIA3, 925, 0, 478, 479, 509
CTRIA3, 926, 0, 479, 510, 509
CTRIA3, 927, 0, 479, 480, 510
CTRIA3, 928, 0, 480, 511, 510
CTRIA3, 929, 0, 480, 481, 511
CTRIA3, 930, 0, 481, 512, 511
CTRIA3, 931, 0, 481, 482, 512
CTRIA3, 932, 0, 482, 513, 512
CTRIA3, 933, 0, 482, 483, 513
CTRIA3, 934, 0, 483, 514, 513
CTRIA3, 935, 0, 483, 484, 514
CTRIA3, 936, 0, 484, 515, 514
CTRIA3, 937, 0, 484, 485, 515
CTRIA3, 938, 0, 485, 516, 515
CTRIA3, 939, 0, 485, 486, 516
CTRIA3, 940, 0, 486, 517, 516
CTRIA3, 941, 0, 486, 487, 517
CTRIA3, 942, 0, 487, 518, 517
CTRIA3, 943, 0, 487, 488, 518
CTRIA3, 944, 0, 488, 519, 518
CTRIA3, 945, 0, 488, 489, 519
CTRIA3, 946, 0, 489, 520, 519
CTRIA3, 947, 0, 489, 490, 520
CTRIA3, 948, 0, 490, 521, 520
CTRIA3, 949, 0, 490, 491, 521
CTRIA3, 950, 0, 491, 522, 521
CTRIA3, 951, 0, 491, 492, 522
CTRIA3, 952, 0, 492, 523, 522
CTRIA3, 953, 0, 492, 493, 523
CTRIA3, 954, 0, 493, 524, 523
CTRIA3, 955, 0, 493, 494, 524
CTRIA3, 956, 0, 494, 525, 524
CTRIA3, 957, 0, 494, 495, 525
CTRIA3, 958, 0, 495, 526, 525
CTRIA3, 959, 0, 495, 496, 526
CTRIA3, 960, 0, 496, 527, 526
CTRIA3, 961, 0, 497, 498, 528
CTRIA3, 962, 0, 498, 529, 528
CTRIA3, 963, 0, 498, 499, 529
CTRIA3, 964, 0, 499, 530, 529
CTRIA3, 965, 0, 499, 500, 530
CTRIA3, 966, 0, 500, 531, 530
CTRIA3, 967, 0, 500, 501, 531
CTRIA3, 968, 0, 501, 532, 531
CTRIA3, 969, 0, 501, 502, 532
CTRIA3, 970, 0, 502, 533, 532
CTRIA3, 971, 0, 502, 503, 533
CTRIA3, 972, 0, 503, 534, 533
CTRIA3, 973, 0, 503, 504, 534
CTRIA3, 974, 0, 504, 535, 534
CTRIA3, 975, 0, 504, 505, 535
CTRIA3, 976, 0, 505, 536, 535
CTRIA3, 977, 0, 505, 506, 536
CTRIA3, 978, 0, 506, 537, 536
CTRIA3, 979, 0, 506, 507, 537
CTRIA3, 980, 0, 507, 538, 537
CTRIA3, 981, 0, 507, 508, 538
CTRIA3, 982, 0, 508, 539, 538
CTRIA3, 983, 0, 508, 509, 539
CTRIA3, 984, 0, 509, 540, 539
CTRIA3, 985, 0, 509, 510, 540
CTRIA3, 986, 0, 510, 541, 540
CTRIA3, 987, 0, 510, 511, 541
CTRIA3, 988, 0, 511, 542, 541
CTRIA3, 989, 0, 511, 512, 542
CTRIA3, 990, 0, 512, 543, 542
CTRIA3, 991, 0, 512, 513, 543
CTRIA3, 992, 0, 513, 544, 543
CTRIA3, 993, 0, 513, 514, 544
CTRIA3, 994, 0, 514, 545, 544
CTRIA3, 995, 0, 514, 515, 545
CTRIA3, 996, 0, 515, 546, 545
CTRIA3, 997, 0, 515, 516, 546
CTRIA3, 998, 0, 516, 547, 546
CTRIA3, 999, 0, 516, 517, 547
CTRIA3, 1000, 0, 517, 548, 547
CTRIA3, 1001, 0, 517, 518, 548
CTRIA3, 1002, 0, 518, 549, 548
CTRIA3, 1003, 0, 518, 519, 549
CTRIA3, 1004, 0, 519, 550, 549
CTRIA3, 1005, 0, 519, 520, 550
CTRIA3, 1006, 0, 520, 551, 550
CTRIA3, 1007, 0, 520, 521, 551
CTRIA3, 1008, 0, 521, 552, 551
CTRIA3, 1009, 0, 521, 522, 552
CTRIA3, 1010, 0, 522, 553, 552
CTRIA3, 1011, 0, 522, 523, 553
CTRIA3, 1012, 0, 523, 554, 553
CTRIA3, 1013, 0, 523, 524, 554
CTRIA3, 1014, 0, 524, 555, 554
CTRIA3, 1015, 0, 524, 525, 555
CTRIA3, 1016, 0, 525, 556, 555
CTRIA3, 1017, 0, 525, 526, 556
CTRIA3, 1018, 0, 526, 557, 556
CTRIA3, 1019, 0, 526, 527, 557
CTRIA3, 1020, 0, 527, 558, 557
CTRIA3, 1021, 0, 528, 529, 559
CTRIA3, 1022, 0, 529, 560, 559
CTRIA3, 1023, 0, 529, 530, 560
CTRIA3, 1024, 0, 530, 561, 560
CTRIA3, 1025, 0, 530, 531, 561
CTRIA3, 1026, 0, 531, 562, 561
CTRIA3, 1027, 0, 531, 532, 562
CTRIA3, 1028, 0, 532, 563, 562
CTRIA3, 1029, 0, 532, 533, 563
CTRIA3, 1030, 0, 533, 564, 563
CTRIA3, 1031, 0, 533, 534, 564
CTRIA3, 1032, 0, 534, 565, 564
CTRIA3, 1033, 0, 534, 535, 565
CTRIA3, 1034, 0, 535, 566, 565
CTRIA3, 1035, 0, 535, 536, 566
CTRIA3, 1036, 0, 536, 567, 566
CTRIA3, 1037, 0, 536, 537, 567
CTRIA3, 1038, 0, 537, 568, 567
CTRIA3, 1039, 0, 537, 538, 568
CTRIA3, 1040, 0, 538, 569, 568
CTRIA3, 1041, 0, 538, 539, 569
CTRIA3, 1042, 0, 539, 570, 569
CTRIA3, 1043, 0, 539, 540, 570
CTRIA3, 1044, 0, 540, 571, 570
CTRIA3, 1045, 0, 540, 541, 571
CTRIA3, 1046, 0, 541, 572, 571
CTRIA3, 1047, 0, 541, 542, 572
CTRIA3, 1048, 0, 542, 573, 572
CTRIA3, 1049, 0, 542, 543, 573
CTRIA3, 1050, 0, 543, 574, 573
CTRIA3, 1051, 0, 543, 544, 574
CTRIA3, 1052, 0, 544, 575, 574
CTRIA3, 1053, 0, 544, 545, 575
CTRIA3, 1054, 0, 545, 576, 575
CTRIA3, 1055, 0, 545, 546, 576
CTRIA3, 1056, 0, 546, 577, 576
CTRIA3, 1057, 0, 546, 547, 577
CTRIA3, 1058, 0, 547, 578, 577
CTRIA3, 1059, 0, 547, 548, 578
CTRIA3, 1060, 0, 548, 579, 578
CTRIA3, 1061, 0, 548, 549, 579
CTRIA3, 1062, 0, 549, 580, 579
CTRIA3, 1063, 0, 549, 550, 580
CTRIA3, 1064, 0, 550, 581, 580
CTRIA3, 1065, 0, 550, 551, 581
CTRIA3, 1066, 0, 551, 582, 581
CTRIA3, 1067, 0, 551, 552, 582
CTRIA3, 1068, 0, 552, 583, 582
CTRIA3, 1069, 0, 552, 553, 583
CTRIA3, 1070, 0, 553, 584, 583
CTRIA3, 1071, 0, 553, 554, 584
CTRIA3, 1072, 0, 554, 585, 584
CTRIA3, 1073, 0, 554, 555, 585
CTRIA3, 1074, 0, 555, 586, 585
CTRIA3, 1075, 0, 555, 556, 586
CTRIA3, 1076, 0, 556, 587, 586
CTRIA3, 1077, 0, 556, 557, 587
CTRIA3, 1078, 0, 557, 588, 587
CTRIA3, 1079, 0, 557, 558, 588
CTRIA3, 1080, 0, 558, 589, 588
CTRIA3, 1081, 0, 559, 560, 590
CTRIA3, 1082, 0, 560, 591, 590
CTRIA3, 1083, 0, 560, 561, 591
CTRIA3, 1084, 0, 561, 592, 591
CTRIA3, 1085, 0, 561, 562, 592
CTRIA3, 1086, 0, 562, 593, 592
CTRIA3, 1087, 0, 562, 563, 593
CTRIA3, 1088, 0, 563, 594, 593
CTRIA3, 1089, 0, 563, 564, 594
CTRIA3, 1090, 0, 564, 595, 594
CTRIA3, 1091, 0, 564, 565, 595
CTRIA3, 1092, 0, 565, 596, 595
CTRIA3, 1093, 0, 565, 566, 596
CTRIA3, 1094, 0, 566, 597, 596
CTRIA3, 1095, 0, 566, 567, 597
CTRIA3, 1096, 0, 567, 598, 597
CTRIA3, 1097, 0, 567, 568, 598
CTRIA3, 1098, 0, 568, 599, 598
CTRIA3, 1099, 0, 568, 569, 599
CTRIA3, 1100, 0, 569, 600, 599
CTRIA3, 1101, 0, 569, 570, 600
CTRIA3, 1102, 0, 570, 601, 600
CTRIA3, 1103, 0, 570, 571, 601
CTRIA3, 1104, 0, 571, 602, 601
CTRIA3, 1105, 0, 571, 572, 602
CTRIA3, 1106, 0, 572, 603, 602
CTRIA3, 1107, 0, 572, 573, 603
CTRIA3, 1108, 0, 573, 604, 603
CTRIA3, 1109, 0, 573, 574, 604
CTRIA3, 1110, 0, 574, 605, 604
CTRIA3, 1111, 0, 574, 575, 605
CTRIA3, 1112, 0, 575, 606, 605
CTRIA3, 1113, 0, 575, 576, 606
CTRIA3, 1114, 0, 576, 607, 606
CTRIA3, 1115, 0, 576, 577, 607
CTRIA3, 1116, 0, 577, 608, 607
CTRIA3, 1117, 0, 577, 578, 608
CTRIA3, 1118, 0, 578, 609, 608
CTRIA3, 1119, 0, 578, 579, 609
CTRIA3, 1120, 0, 579, 610, 609
CTRIA3, 1121, 0, 579, 580, 610
CTRIA3, 1122, 0, 580, 611, 610
CTRIA3, 1123, 0, 580, 581, 611
CTRIA3, 1124, 0, 581, 612, 611
CTRIA3, 1125, 0, 581, 582, 612
CTRIA3, 1126, 0, 582, 613, 612
CTRIA3, 1127, 0, 582, 583, 613
CTRIA3, 1128, 0, 583, 614, 613
CTRIA3, 1129, 0, 583, 584, 614
CTRIA3, 1130, 0, 584, 615, 614
CTRIA3, 1131, 0, 584, 585, 615
CTRIA3, 1132, 0, 585, 616, 615
CTRIA3, 1133, 0, 585, 586, 616
CTRIA3, 1134, 0, 586, 617, 616
CTRIA3, 1135, 0, 586, 587, 617
CTRIA3, 1136, 0, 587, 618, 617
CTRIA3, 1137, 0, 587, 588, 618
CTRIA3, 1138, 0, 588, 619, 618
CTRIA3, 1139, 0, 588, 589, 619
CTRIA3, 1140, 0, 589, 620, 619
CTRIA3, 1141, 0, 590, 591, 621
CTRIA3, 1142, 0, 591, 622, 621
CTRIA3, 1143, 0, 591, 592, 622
CTRIA3, 1144, 0, 592, 623, 622
CTRIA3, 1145, 0, 592, 593, 623
CTRIA3, 1146, 0, 593, 624, 623
CTRIA3, 1147, 0, 593, 594, 624
CTRIA3, 1148, 0, 594, 625, 624
CTRIA3, 1149, 0, 594, 595, 625
CTRIA3, 1150, 0, 595, 626, 625
CTRIA3, 1151, 0, 595, 596, 626
CTRIA3, 1152, 0, 596, 627, 626
CTRIA3, 1153, 0, 596, 597, 627
CTRIA3, 1154, 0, 597, 628, 627
CTRIA3, 1155, 0, 597, 598, 628
CTRIA3, 1156, 0, 598, 629, 628
CTRIA3, 1157, 0, 598, 599, 629
CTRIA3, 1158, 0, 599, 630, 629
CTRIA3, 1159, 0, 599, 600, 630
CTRIA3, 1160, 0, 600, 631, 630
CTRIA3, 1161, 0, 600, 601, 631
CTRIA3, 1162, 0, 601, 632, 631
CTRIA3, 1163, 0, 601, 602, 632
CTRIA3, 1164, 0, 602, 633, 632
CTRIA3, 1165, 0, 602, 603, 633
CTRIA3, 1166, 0, 603, 634, 633
CTRIA3, 1167, 0, 603, 604, 634
CTRIA3, 1168, 0, 604, 635, 634
CTRIA3, 1169, 0, 604, 605, 635
CTRIA3, 1170, 0, 605, 636, 635
CTRIA3, 1171, 0, 605, 606, 636
CTRIA3, 1172, 0, 606, 637, 636
CTRIA3, 1173, 0, 606, 607, 637
CTRIA3, 1174, 0, 607, 638, 637
CTRIA3, 1175, 0, 607, 608, 638
CTRIA3, 1176, 0, 608, 639, 638
CTRIA3, 1177, 0, 608, 609, 639
CTRIA3, 1178, 0, 609, 640, 639
CTRIA3, 1179, 0, 609, 610, 640
CTRIA3, 1180, 0, 610, 641, 640
CTRIA3, 1181, 0, 610, 611, 641
CTRIA3, 1182, 0, 611, 642, 641
CTRIA3, 1183, 0, 611, 612, 642
CTRIA3, 1184, 0, 612, 643, 642
CTRIA3, 1185, 0, 612, 613, 643
CTRIA3, 1186, 0, 613, 644, 643
CTRIA3, 1187, 0, 613, 614, 644
CTRIA3, 1188, 0, 614, 645, 644
CTRIA3, 1189, 0, 614, 615, 645
CTRIA3, 1190, 0, 615, 646, 645
CTRIA3, 1191, 0, 615, 616, 646
CTRIA3, 1192, 0, 616, 647, 646
CTRIA3, 1193, 0, 616, 617, 647
CTRIA3, 1194, 0, 617, 648, 647
CTRIA3, 1195, 0, 617, 618, 648
CTRIA3, 1196, 0, 618, 649, 648
CTRIA3, 1197, 0, 618, 619, 649
CTRIA3, 1198, 0, 619, 650, 649
CTRIA3, 1199, 0, 619, 620, 650
CTRIA3, 1200, 0, 620, 651, 650
CTRIA3, 1201, 0, 621, 622, 652
CTRIA3, 1202, 0, 622, 653, 652
CTRIA3, 1203, 0, 622, 623, 653
CTRIA3, 1204, 0, 623, 654, 653
CTRIA3, 1205, 0, 623, 624, 654
CTRIA3, 1206, 0, 624, 655, 654
CTRIA3, 1207, 0, 624, 625, 655
CTRIA3, 1208, 0, 625, 656, 655
CTRIA3, 1209, 0, 625, 626, 656
CTRIA3, 1210, 0, 626, 657, 656
CTRIA3, 1211, 0, 626, 627, 657
CTRIA3, 1212, 0, 627, 658, 657
CTRIA3, 1213, 0, 627, 628, 658
CTRIA3, 1214, 0, 628, 659, 658
CTRIA3, 1215, 0, 628, 629, 659
CTRIA3, 1216, 0, 629, 660, 659
CTRIA3, 1217, 0, 629, 630, 660
CTRIA3, 1218, 0, 630, 661, 660
CTRIA3, 1219, 0, 630, 631, 661
CTRIA3, 1220, 0, 631, 662, 661
CTRIA3, 1221, 0, 631, 632, 662
CTRIA3, 1222, 0, 632, 663, 662
CTRIA3, 1223, 0, 632, 633, 663
CTRIA3, 1224, 0, 633, 664, 663
CTRIA3, 1225, 0, 633, 634, 664
CTRIA3, 1226, 0, 634, 665, 664
CTRIA3, 1227, 0, 634, 635, 665
CTRIA3, 1228, 0, 635, 666, 665
CTRIA3, 1229, 0, 635, 636, 666
CTRIA3, 1230, 0, 636, 667, 666
CTRIA3, 1231, 0, 636, 637, 667
CTRIA3, 1232, 0, 637, 668, 667
CTRIA3, 1233, 0, 637, 638, 668
CTRIA3, 1234, 0, 638, 669, 668
CTRIA3, 1235, 0, 638, 639, 669
CTRIA3, 1236, 0, 639, 670, 669
CTRIA3, 1237, 0, 639, 640, 670
CTRIA3, 1238, 0, 640, 671, 670
CTRIA3, 1239, 0, 640, 641, 671
CTRIA3, 1240, 0, 641, 672, 671
CTRIA3, 1241, 0, 641, 642, 672
CTRIA3, 1242, 0, 642, 673, 672
CTRIA3, 1243, 0, 642, 643, 673
CTRIA3, 1244, 0, 643, 674, 673
CTRIA3, 1245, 0, 643, 644, 674
CTRIA3, 1246, 0, 644, 675, 674
CTRIA3, 1247, 0, 644, 645, 675
CTRIA3, 1248, 0, 645, 676, 675
CTRIA3, 1249, 0, 645, 646, 676
CTRIA3, 1250, 0, 646, 677, 676
CTRIA3, 1251, 0, 646, 647, 677
CTRIA3, 1252, 0, 647, 678, 677
CTRIA3, 1253, 0, 647, 648, 678
CTRIA3, 1254, 0, 648, 679, 678
CTRIA3, 1255, 0, 648, 649, 679
CTRIA3, 1256, 0, 649, 680, 679
CTRIA3, 1257, 0, 649, 650, 680
CTRIA3, 1258, 0, 650, 681, 680
CTRIA3, 1259, 0, 650, 651, 681
CTRIA3, 1260, 0, 651, 682, 681
CTRIA3, 1261, 0, 652, 653, 683
CTRIA3, 1262, 0, 653, 684, 683
CTRIA3, 1263, 0, 653, 654, 684
CTRIA3, 1264, 0, 654, 685, 684
CTRIA3, 1265, 0, 654, 655, 685
CTRIA3, 1266, 0, 655, 686, 685
CTRIA3, 1267, 0, 655, 656, 686
CTRIA3, 1268, 0, 656, 687, 686
CTRIA3, 1269, 0, 656, 657, 687
CTRIA3, 1270, 0, 657, 688, 687
CTRIA3, 1271, 0, 657, 658, 688
CTRIA3, 1272, 0, 658, 689, 688
CTRIA3, 1273, 0, 658, 659, 689
CTRIA3, 1274, 0, 659, 690, 689
CTRIA3, 1275, 0, 659, 660, 690
CTRIA3, 1276, 0, 660, 691, 690
CTRIA3, 1277, 0, 660, 661, 691
CTRIA3, 1278, 0, 661, 692, 691
CTRIA3, 1279, 0, 661, 662, 692
CTRIA3, 1280, 0, 662, 693, 692
CTRIA3, 1281, 0, 662, 663, 693
CTRIA3, 1282, 0, 663, 694, 693
CTRIA3, 1283, 0, 663, 664, 694
CTRIA3, 1284, 0, 664, 695, 694
CTRIA3, 1285, 0, 664, 665, 695
CTRIA3, 1286, 0, 665, 696, 695
CTRIA3, 1287, 0, 665, 666, 696
CTRIA3, 1288, 0, 666, 697, 696
CTRIA3, 1289, 0, 666, 667, 697
CTRIA3, 1290, 0, 667, 698, 697
CTRIA3, 1291, 0, 667, 668, 698
CTRIA3, 1292, 0, 668, 699, 698
CTRIA3, 1293, 0, 668, 669, 699
CTRIA3, 1294, 0, 669, 700, 699
CTRIA3, 1295, 0, 669, 670, 700
CTRIA3, 1296, 0, 670, 701, 700
CTRIA3, 1297, 0, 670, 671, 701
CTRIA3, 1298, 0, 671, 702, 701
CTRIA3, 1299, 0, 671, 672, 702
CTRIA3, 1300, 0, 672, 703, 702
CTRIA3, 1301, 0, 672, 673, 703
CTRIA3, 1302, 0, 673, 704, 703
CTRIA3, 1303, 0, 673, 674, 704
CTRIA3, 1304, 0, 674, 705, 704
CTRIA3, 1305, 0, 674, 675, 705
CTRIA3, 1306, 0, 675, 706, 705
CTRIA3, 1307, 0, 675, 676, 706
CTRIA3, 1308, 0, 676, 707, 706
CTRIA3, 1309, 0, 676, 677, 707
CTRIA3, 1310, 0, 677, 708, 707
CTRIA3, 1311, 0, 677, 678, 708
CTRIA3, 1312, 0, 678, 709, 708
CTRIA3, 1313, 0, 678, 679, 709
CTRIA3, 1314, 0, 679, 710, 709
CTRIA3, 1315, 0, 679, 680, 710
CTRIA3, 1316, 0, 680, 711, 710
CTRIA3, 1317, 0, 680, 681, 711
CTRIA3, 1318, 0, 681, 712, 711
CTRIA3, 1319, 0, 681, 682, 712
CTRIA3, 1320, 0, 682, 713, 712
CTRIA3, 1321, 0, 683, 684, 714
CTRIA3, 1322, 0, 684, 715, 714
CTRIA3, 1323, 0, 684, 685, 715
CTRIA3, 1324, 0, 685, 716, 715
CTRIA3, 1325, 0, 685, 686, 716
CTRIA3, 1326, 0, 686, 717, 716
CTRIA3, 1327, 0, 686, 687, 717
CTRIA3, 1328, 0, 687, 718, 717
CTRIA3, 1329, 0, 687, 688, 718
CTRIA3, 1330, 0, 688, 719, 718
CTRIA3, 1331, 0, 688, 689, 719
CTRIA3, 1332, 0, 689, 720, 719
CTRIA3, 1333, 0, 689, 690, 720
CTRIA3, 1334, 0, 690, 721, 720
CTRIA3, 1335, 0, 690, 691, 721
CTRIA3, 1336, 0, 691, 722, 721
CTRIA3, 1337, 0, 691, 692, 722
CTRIA3, 1338, 0, 692, 723, 722
CTRIA3, 1339, 0, 692, 693, 723
CTRIA3, 1340, 0, 693, 724, 723
CTRIA3, 1341, 0, 693, 694, 724
CTRIA3, 1342, 0, 694, 725, 724
CTRIA3, 1343, 0, 694, 695, 725
CTRIA3, 1344, 0, 695, 726, 725
CTRIA3, 1345, 0, 695, 696, 726
CTRIA3, 1346, 0, 696, 727, 726
CTRIA3, 1347, 0, 696, 697, 727
CTRIA3, 1348, 0, 697, 728, 727
CTRIA3, 1349, 0, 697, 698, 728
CTRIA3, 1350, 0, 698, 729, 728
CTRIA3, 1351, 0, 698, 699, 729
CTRIA3, 1352, 0, 699, 730, 729
CTRIA3, 1353, 0, 699, 700, 730
CTRIA3, 1354, 0, 700, 731, 730
CTRIA3, 1355, 0, 700, 701, 731
CTRIA3, 1356, 0, 701, 732, 731
CTRIA3, 1357, 0, 701, 702, 732
CTRIA3, 1358, 0, 702, 733, 732
CTRIA3, 1359, 0, 702, 703, 733
CTRIA3, 1360, 0, 703, 734, 733
CTRIA3, 1361, 0, 703, 704, 734
CTRIA3, 1362, 0, 704, 735, 734
CTRIA3, 1363, 0, 704, 705, 735
CTRIA3, 1364, 0, 705, 736, 735
CTRIA3, 1365, 0, 705, 706, 736
CTRIA3, 1366, 0, 706, 737, 736
CTRIA3, 1367, 0, 706, 707, 737
CTRIA3, 1368, 0, 707, 738, 737
CTRIA3, 1369, 0, 707, 708, 738
CTRIA3, 1370, 0, 708, 739, 738
CTRIA3, 1371, 0, 708, 709, 739
CTRIA3, 1372, 0, 709, 740, 739
CTRIA3, 1373, 0, 709, 710, 740
CTRIA3, 1374, 0, 710, 741, 740
CTRIA3, 1375, 0, 710, 711, 741
CTRIA3, 1376, 0, 711, 742, 741
CTRIA3, 1377, 0, 711, 712, 742
CTRIA3, 1378, 0, 712, 743, 742
CTRIA3, 1379, 0, 712, 713, 743
CTRIA3, 1380, 0, 713, 744, 743
CTRIA3, 1381, 0, 714, 715, 745
CTRIA3, 1382, 0, 715, 746, 745
CTRIA3, 1383, 0, 715, 716, 746
CTRIA3, 1384, 0, 716, 747, 746
CTRIA3, 1385, 0, 716, 717, 747
CTRIA3, 1386, 0, 717, 748, 747
CTRIA3, 1387, 0, 717, 718, 748
CTRIA3, 1388, 0, 718, 749, 748
CTRIA3, 1389, 0, 718, 719, 749
CTRIA3, 1390, 0, 719, 750, 749
CTRIA3, 1391, 0, 719, 720, 750
CTRIA3, 1392, 0, 720, 751, 750
CTRIA3, 1393, 0, 720, 721, 751
CTRIA3, 1394, 0, 721, 752, 751
CTRIA3, 1395, 0, 721, 722, 752
CTRIA3, 1396, 0, 722, 753, 752
CTRIA3, 1397, 0, 722, 723, 753
CTRIA3, 1398, 0, 723, 754, 753
CTRIA3, 1399, 0, 723, 724, 754
CTRIA3, 1400, 0, 724, 755, 754
CTRIA3, 1401, 0, 724, 725, 755
CTRIA3, 1402, 0, 725, 756, 755
CTRIA3, 1403, 0, 725, 726, 756
CTRIA3, 1404, 0, 726, 757, 756
CTRIA3, 1405, 0, 726, 727, 757
CTRIA3, 1406, 0, 727, 758, 757
CTRIA3, 1407, 0, 727, 728, 758
CTRIA3, 1408, 0, 728, 759, 758
CTRIA3, 1409, 0, 728, 729, 759
CTRIA3, 1410, 0, 729, 760, 759
CTRIA3, 1411, 0, 729, 730, 760
CTRIA3, 1412, 0, 730, 761, 760
CTRIA3, 1413, 0, 730, 731, 761
CTRIA3, 1414, 0, 731, 762, 761
CTRIA3, 1415, 0, 731, 732, 762
CTRIA3, 1416, 0, 732, 763, 762
CTRIA3, 1417, 0, 732, 733, 763
CTRIA3, 1418, 0, 733, 764, 763
CTRIA3, 1419, 0, 733, 734, 764
CTRIA3, 1420, 0, 734, 765, 764
CTRIA3, 1421, 0, 734, 735, 765
CTRIA3, 1422, 0, 735, 766, 765
CTRIA3, 1423, 0, 735, 736, 766
CTRIA3, 1424, 0, 736, 767, 766
CTRIA3, 1425, 0, 736, 737, 767
CTRIA3, 1426, 0, 737, 768, 767
CTRIA3, 1427, 0, 737, 738, 768
CTRIA3, 1428, 0, 738, 769, 768
CTRIA3, 1429, 0, 738, 739, 769
CTRIA3, 1430, 0, 739, 770, 769
CTRIA3, 1431, 0, 739, 740, 770
CTRIA3, 1432, 0, 740, 771, 770
CTRIA3, 1433, 0, 740, 741, 771
CTRIA3, 1434, 0, 741, 772, 771
CTRIA3, 1435, 0, 741, 742, 772
CTRIA3, 1436, 0, 742, 773, 772
CTRIA3, 1437, 0, 742, 743, 773
CTRIA3, 1438, 0, 743, 774, 773
CTRIA3, 1439, 0, 743, 744, 774
CTRIA3, 1440, 0, 744, 775, 774
CTRIA3, 1441, 0, 745, 746, 776
CTRIA3, 1442, 0, 746, 777, 776
CTRIA3, 1443, 0, 746, 747, 777
CTRIA3, 1444, 0, 747, 778, 777
CTRIA3, 1445, 0, 747, 748, 778
CTRIA3, 1446, 0, 748, 779, 778
CTRIA3, 1447, 0, 748, 749, 779
CTRIA3, 1448, 0, 749, 780, 779
CTRIA3, 1449, 0, 749, 750, 780
CTRIA3, 1450, 0, 750, 781, 780
CTRIA3, 1451, 0, 750, 751, 781
CTRIA3, 1452, 0, 751, 782, 781
CTRIA3, 1453, 0, 751, 752, 782
CTRIA3, 1454, 0, 752, 783, 782
CTRIA3, 1455, 0, 752, 753, 783
CTRIA3, 1456, 0, 753, 784, 783
CTRIA3, 1457, 0, 753, 754, 784
CTRIA3, 1458, 0, 754, 785, 784
CTRIA3, 1459, 0, 754, 755, 785
CTRIA3, 1460, 0, 755, 786, 785
CTRIA3, 1461, 0, 755, 756, 786
CTRIA3, 1462, 0, 756, 787, 786
CTRIA3, 1463, 0, 756, 757, 787
CTRIA3, 1464, 0, 757, 788, 787
CTRIA3, 1465, 0, 757, 758, 788
CTRIA3, 1466, 0, 758, 789, 788
CTRIA3, 1467, 0, 758, 759, 789
CTRIA3, 1468, 0, 759, 790, 789
CTRIA3, 1469, 0, 759, 760, 790
CTRIA3, 1470, 0, 760, 791, 790
CTRIA3, 1471, 0, 760, 761, 791
CTRIA3, 1472, 0, 761, 792, 791
CTRIA3, 1473, 0, 761, 762, 792
CTRIA3, 1474, 0, 762, 793, 792
CTRIA3, 1475, 0, 762, 763, 793
CTRIA3, 1476, 0, 763, 794, 793
CTRIA3, 1477, 0, 763, 764, 794
CTRIA3, 1478, 0, 764, 795, 794
CTRIA3, 1479, 0, 764, 765, 795
CTRIA3, 1480, 0, 765, 796, 795
CTRIA3, 1481, 0, 765, 766, 796
CTRIA3, 1482, 0, 766, 797, 796
CTRIA3, 1483, 0, 766, 767, 797
CTRIA3, 1484, 0, 767, 798, 797
CTRIA3, 1485, 0, 767, 768, 798
CTRIA3, 1486, 0, 768, 799, 798
CTRIA3, 1487, 0, 768, 769, 799
CTRIA3, 1488, 0, 769, 800, 799
CTRIA3, 1489, 0, 769, 770, 800
CTRIA3, 1490, 0, 770, 801, 800
CTRIA3, 1491, 0, 770, 771, 801
CTRIA3, 1492, 0, 771, 802, 801
CTRIA3, 1493, 0, 771, 772, 802
CTRIA3, 1494, 0, 772, 803, 802
CTRIA3, 1495, 0, 772, 773, 803
CTRIA3, 1496, 0, 773, 804, 803
CTRIA3, 1497, 0, 773, 774, 804
CTRIA3, 1498, 0, 774, 805, 804
CTRIA3, 1499, 0, 774, 775, 805
CTRIA3, 1500, 0, 775, 806, 805
CTRIA3, 1501, 0, 776, 777, 807
CTRIA3, 1502, 0, 777, 808, 807
CTRIA3, 1503, 0, 777, 778, 808
CTRIA3, 1504, 0, 778, 809, 808
CTRIA3, 1505, 0, 778, 779, 809
CTRIA3, 1506, 0, 779, 810, 809
CTRIA3, 1507, 0, 779, 780, 810
CTRIA3, 1508, 0, 780, 811, 810
CTRIA3, 1509, 0, 780, 781, 811
CTRIA3, 1510, 0, 781, 812, 811
CTRIA3, 1511, 0, 781, 782, 812
CTRIA3, 1512, 0, 782, 813, 812
CTRIA3, 1513, 0, 782, 783, 813
CTRIA3, 1514, 0, 783, 814, 813
CTRIA3, 1515, 0, 783, 784, 814
CTRIA3, 1516, 0, 784, 815, 814
CTRIA3, 1517, 0, 784, 785, 815
CTRIA3, 1518, 0, 785, 816, 815
CTRIA3, 1519, 0, 785, 786, 816
CTRIA3, 1520, 0, 786, 817, 816
CTRIA3, 1521, 0, 786, 787, 817
CTRIA3, 1522, 0, 787, 818, 817
CTRIA3, 1523, 0, 787, 788, 818
CTRIA3, 1524, 0, 788, 819, 818
CTRIA3, 1525, 0, 788, 789, 819
CTRIA3, 1526, 0, 789, 820, 819
CTRIA3, 1527, 0, 789, 790, 820
CTRIA3, 1528, 0, 790, 821, 820
CTRIA3, 1529, 0, 790, 791, 821
CTRIA3, 1530, 0, 791, 822, 821
CTRIA3, 1531, 0, 791, 792, 822
CTRIA3, 1532, 0, 792, 823, 822
CTRIA3, 1533, 0, 792, 793, 823
CTRIA3, 1534, 0, 793, 824, 823
CTRIA3, 1535, 0, 793, 794, 824
CTRIA3, 1536, 0, 794, 825, 824
CTRIA3, 1537, 0, 794, 795, 825
CTRIA3, 1538, 0, 795, 826, 825
CTRIA3, 1539, 0, 795, 796, 826
CTRIA3, 1540, 0, 796, 827, 826
CTRIA3, 1541, 0, 796, 797, 827
CTRIA3, 1542, 0, 797, 828, 827
CTRIA3, 1543, 0, 797, 798, 828
CTRIA3, 1544, 0, 798, 829, 828
CTRIA3, 1545, 0, 798, 799, 829
CTRIA3, 1546, 0, 799, 830, 829
CTRIA3, 1547, 0, 799, 800, 830
CTRIA3, 1548, 0, 800, 831, 830
CTRIA3, 1549, 0, 800, 801, 831
CTRIA3, 1550, 0, 801, 832, 831
CTRIA3, 1551, 0, 801, 802, 832
CTRIA3, 1552, 0, 802, 833, 832
CTRIA3, 1553, 0, 802, 803, 833
CTRIA3, 1554, 0, 803, 834, 833
CTRIA3, 1555, 0, 803, 804, 834
CTRIA3, 1556, 0, 804, 835, 834
CTRIA3, 1557, 0, 804, 805, 835
CTRIA3, 1558, 0, 805, 836, 835
CTRIA3, 1559, 0, 805, 806, 836
CTRIA3, 1560, 0, 806, 837, 836
CTRIA3, 1561, 0, 807, 808, 838
CTRIA3, 1562, 0, 808, 839, 838
CTRIA3, 1563, 0, 808, 809, 839
CTRIA3, 1564, 0, 809, 840, 839
CTRIA3, 1565, 0, 809, 810, 840
CTRIA3, 1566, 0, 810, 841, 840
CTRIA3, 1567, 0, 810, 811, 841
CTRIA3, 1568, 0, 811, 842, 841
CTRIA3, 1569, 0, 811, 812, 842
CTRIA3, 1570, 0, 812, 843, 842
CTRIA3, 1571, 0, 812, 813, 843
CTRIA3, 1572, 0, 813, 844, 843
CTRIA3, 1573, 0, 813, 814, 844
CTRIA3, 1574, 0, 814, 845, 844
CTRIA3, 1575, 0, 814, 815, 845
CTRIA3, 1576, 0, 815, 846, 845
CTRIA3, 1577, 0, 815, 816, 846
CTRIA3, 1578, 0, 816, 847, 846
CTRIA3, 1579, 0, 816, 817, 847
CTRIA3, 1580, 0, 817, 848, 847
CTRIA3, 1581, 0, 817, 818, 848
CTRIA3, 1582, 0, 818, 849, 848
CTRIA3, 1583, 0, 818, 819, 849
CTRIA3, 1584, 0, 819, 850, 849
CTRIA3, 1585, 0, 819, 820, 850
CTRIA3, 1586, 0, 820, 851, 850
CTRIA3, 1587, 0, 820, 821, 851
CTRIA3, 1588, 0, 821, 852, 851
CTRIA3, 1589, 0, 821, 822, 852
CTRIA3, 1590, 0, 822, 853, 852
CTRIA3, 1591, 0, 822, 823, 853
CTRIA3, 1592, 0, 823, 854, 853
CTRIA3, 1593, 0, 823, 824, 854
CTRIA3, 1594, 0, 824, 855, 854
CTRIA3, 1595, 0, 824, 825, 855
CTRIA3, 1596, 0, 825, 856, 855
CTRIA3, 1597, 0, 825, 826, 856
CTRIA3, 1598, 0, 826, 857, 856
CTRIA3, 1599, 0, 826, 827, 857
CTRIA3, 1600, 0, 827, 858, 857
CTRIA3, 1601, 0, 827, 828, 858
CTRIA3, 1602, 0, 828, 859, 858
CTRIA3, 1603, 0, 828, 829, 859
CTRIA3, 1604, 0, 829, 860, 859
CTRIA3, 1605, 0, 829, 830, 860
CTRIA3, 1606, 0, 830, 861, 860
CTRIA3, 1607, 0, 830, 831, 861
CTRIA3, 1608, 0, 831, 862, 861
CTRIA3, 1609, 0, 831, 832, 862
CTRIA3, 1610, 0, 832, 863, 862
CTRIA3, 1611, 0, 832, 833, 863
CTRIA3, 1612, 0, 833, 864, 863
CTRIA3, 1613, 0, 833, 834, 864
CTRIA3, 1614, 0, 834, 865, 864
CTRIA3, 1615, 0, 834, 835, 865
CTRIA3, 1616, 0, 835, 866, 865
CTRIA3, 1617, 0, 835, 836, 866
CTRIA3, 1618, 0, 836, 867, 866
CTRIA3, 1619, 0, 836, 837, 867
CTRIA3, 1620, 0, 837, 868, 867
CTRIA3, 1621, 0, 838, 839, 869
CTRIA3, 1622, 0, 839, 870, 869
CTRIA3, 1623, 0, 839, 840, 870
CTRIA3, 1624, 0, 840, 871, 870
CTRIA3, 1625, 0, 840, 841, 871
CTRIA3, 1626, 0, 841, 872, 871
CTRIA3, 1627, 0, 841, 842, 872
CTRIA3, 1628, 0, 842, 873, 872
CTRIA3, 1629, 0, 842, 843, 873
CTRIA3, 1630, 0, 843, 874, 873
CTRIA3, 1631, 0, 843, 844, 874
CTRIA3, 1632, 0, 844, 875, 874
CTRIA3, 1633, 0, 844, 845, 875
CTRIA3, 1634, 0, 845, 876, 875
CTRIA3, 1635, 0, 845, 846, 876
CTRIA3, 1636, 0, 846, 877, 876
CTRIA3, 1637, 0, 846, 847, 877
CTRIA3, 1638, 0, 847, 878, 877
CTRIA3, 1639, 0, 847, 848, 878
CTRIA3, 1640, 0, 848, 879, 878
CTRIA3, 1641, 0, 848, 849, 879
CTRIA3, 1642, 0, 849, 880, 879
CTRIA3, 1643, 0, 849, 850, 880
CTRIA3, 1644, 0, 850, 881, 880
CTRIA3, 1645, 0, 850, 851, 881
CTRIA3, 1646, 0, 851, 882, 881
CTRIA3, 1647, 0, 851, 852, 882
CTRIA3, 1648, 0, 852, 883, 882
CTRIA3, 1649, 0, 852, 853, 883
CTRIA3, 1650, 0, 853, 884, 883
CTRIA3, 1651, 0, 853, 854, 884
CTRIA3, 1652, 0, 854, 885, 884
CTRIA3, 1653, 0, 854, 855, 885
CTRIA3, 1654, 0, 855, 886, 885
CTRIA3, 1655, 0, 855, 856, 886
CTRIA3, 1656, 0, 856, 887, 886
CTRIA3, 1657, 0, 856, 857, 887
CTRIA3, 1658, 0, 857, 888, 887
CTRIA3, 1659, 0, 857, 858, 888
CTRIA3, 1660, 0, 858, 889, 888
CTRIA3, 1661, 0, 858, 859, 889
CTRIA3, 1662, 0, 859, 890, 889
CTRIA3, 1663, 0, 859, 860, 890
CTRIA3, 1664, 0, 860, 891, 890
CTRIA3, 1665, 0, 860, 861, 891
CTRIA3, 1666, 0, 861, 892, 891
CTRIA3, 1667, 0, 861, 862, 892
CTRIA3, 1668, 0, 862, 893, 892
CTRIA3, 1669, 0, 862, 863, 893
CTRIA3, 1670, 0, 863, 894, 893
CTRIA3, 1671, 0, 863, 864, 894
CTRIA3, 1672, 0, 864, 895, 894
CTRIA3, 1673, 0, 864, 865, 895
CTRIA3, 1674, 0, 865, 896, 895
CTRIA3, 1675, 0, 865, 866, 896
CTRIA3, 1676, 0, 866, 897, 896
CTRIA3, 1677, 0, 866, 867, 897
CTRIA3, 1678, 0, 867, 898, 897
CTRIA3, 1679, 0, 867, 868, 898
CTRIA3, 1680, 0, 868, 899, 898
CTRIA3, 1681, 0, 869, 870, 900
CTRIA3, 1682, 0, 870, 901, 900
CTRIA3, 1683, 0, 870, 871, 901
CTRIA3, 1684, 0, 871, 902, 901
CTRIA3, 1685, 0, 871, 872, 902
CTRIA3, 1686, 0, 872, 903, 902
CTRIA3, 1687, 0, 872, 873, 903
CTRIA3, 1688, 0, 873, 904, 903
CTRIA3, 1689, 0, 873, 874, 904
CTRIA3, 1690, 0, 874, 905, 904
CTRIA3, 1691, 0, 874, 875, 905
CTRIA3, 1692, 0, 875, 906, 905
CTRIA3, 1693, 0, 875, 876, 906
CTRIA3, 1694, 0, 876, 907, 906
CTRIA3, 1695, 0, 876, 877, 907
CTRIA3, 1696, 0, 877, 908, 907
CTRIA3, 1697, 0, 877, 878, 908
CTRIA3, 1698, 0, 878, 909, 908
CTRIA3, 1699, 0, 878, 879, 909
CTRIA3, 1700, 0, 879, 910, 909
CTRIA3, 1701, 0, 879, 880, 910
CTRIA3, 1702, 0, 880, 911, 910
CTRIA3, 1703, 0, 880, 881, 911
CTRIA3, 1704, 0, 881, 912, 911
CTRIA3, 1705, 0, 881, 882, 912
CTRIA3, 1706, 0, 882, 913, 912
CTRIA3, 1707, 0, 882, 883, 913
CTRIA3, 1708, 0, 883, 914, 913
CTRIA3, 1709, 0, 883, 884, 914
CTRIA3, 1710, 0, 884, 915, 914
CTRIA3, 1711, 0, 884, 885, 915
CTRIA3, 1712, 0, 885, 916, 915
CTRIA3, 1713, 0, 885, 886, 916
CTRIA3, 1714, 0, 886, 917, 916
CTRIA3, 1715, 0, 886, 887, 917
CTRIA3, 1716, 0, 887, 918, 917
CTRIA3, 1717, 0, 887, 888, 918
CTRIA3, 1718, 0, 888, 919, 918
CTRIA3, 1719, 0, 888, 889, 919
CTRIA3, 1720, 0, 889, 920, 919
CTRIA3, 1721, 0, 889, 890, 920
CTRIA3, 1722, 0, 890, 921, 920
CTRIA3, 1723, 0, 890, 891, 921
CTRIA3, 1724, 0, 891, 922, 921
CTRIA3, 1725, 0, 891, 892, 922
CTRIA3, 1726, 0, 892, 923, 922
CTRIA3, 1727, 0, 892, 893, 923
CTRIA3, 1728, 0, 893, 924, 923
CTRIA3, 1729, 0, 893, 894, 924
CTRIA3, 1730, 0, 894, 925, 924
CTRIA3, 1731, 0, 894, 895, 925
CTRIA3, 1732, 0, 895, 926, 925
CTRIA3, 1733, 0, 895, 896, 926
CTRIA3, 1734, 0, 896, 927, 926
CTRIA3, 1735, 0, 896, 897, 927
CTRIA3, 1736, 0, 897, 928, 927
CTRIA3, 1737, 0, 897, 898, 928
CTRIA3, 1738, 0, 898, 929, 928
CTRIA3, 1739, 0, 898, 899, 929
CTRIA3, 1740, 0, 899, 930, 929
CTRIA3, 1741, 0, 900, 901, 931
CTRIA3, 1742, 0, 901, 932, 931
CTRIA3, 1743, 0, 901, 902, 932
CTRIA3, 1744, 0, 902, 933, 932
CTRIA3, 1745, 0, 902, 903, 933
CTRIA3, 1746, 0, 903, 934, 933
CTRIA3, 1747, 0, 903, 904, 934
CTRIA3, 1748, 0, 904, 935, 934
CTRIA3, 1749, 0, 904, 905, 935
CTRIA3, 1750, 0, 905, 936, 935
CTRIA3, 1751, 0, 905, 906, 936
CTRIA3, 1752, 0, 906, 937, 936
CTRIA3, 1753, 0, 906, 907, 937
CTRIA3, 1754, 0, 907, 938, 937
CTRIA3, 1755, 0, 907, 908, 938
CTRIA3, 1756, 0, 908, 939, 938
CTRIA3, 1757, 0, 908, 909, 939
CTRIA3, 1758, 0, 909, 940, 939
CTRIA3, 1759, 0, 909, 910, 940
CTRIA3, 1760, 0, 910, 941, 940
CTRIA3, 1761, 0, 910, 911, 941
CTRIA3, 1762, 0, 911, 942, 941
CTRIA3, 1763, 0, 911, 912, 942
CTRIA3, 1764, 0, 912, 943, 942
CTRIA3, 1765, 0, 912, 913, 943
CTRIA3, 1766, 0, 913, 944, 943
CTRIA3, 1767, 0, 913, 914, 944
CTRIA3, 1768, 0, 914, 945, 944
CTRIA3, 1769, 0, 914, 915, 945
CTRIA3, 1770, 0, 915, 946, 945
CTRIA3, 1771, 0, 915, 916, 946
CTRIA3, 1772, 0, 916, 947, 946
CTRIA3, 1773, 0, 916, 917, 947
CTRIA3, 1774, 0, 917, 948, 947
CTRIA3, 1775, 0, 917, 918, 948
CTRIA3, 1776, 0, 918, 949, 948
CTRIA3, 1777, 0, 918, 919, 949
CTRIA3, 1778, 0, 919, 950, 949
CTRIA3, 1779, 0, 919, 920, 950
CTRIA3, 1780, 0, 920, 951, 950
CTRIA3, 1781, 0, 920, 921, 951
CTRIA3, 1782, 0, 921, 952, 951
CTRIA3, 1783, 0, 921, 922, 952
CTRIA3, 1784, 0, 922, 953, 952
CTRIA3, 1785, 0, 922, 923, 953
CTRIA3, 1786, 0, 923, 954, 953
CTRIA3, 1787, 0, 923, 924, 954
CTRIA3, 1788, 0, 924, 955, 954
CTRIA3, 1789, 0, 924, 925, 955
CTRIA3, 1790, 0, 925, 956, 955
CTRIA3, 1791, 0, 925, 926, 956
CTRIA3, 1792, 0, 926, 957, 956
CTRIA3, 1793, 0, 926, 927, 957
CTRIA3, 1794, 0, 927, 958, 957
CTRIA3, 1795, 0, 927, 928, 958
CTRIA3, 1796, 0, 928, 959, 958
CTRIA3, 1797, 0, 928, 929, 959
CTRIA3, 1798, 0, 929, 960, 959
CTRIA3, 1799, 0, 929, 930, 960
CTRIA3, 1800, 0, 930, 961, 960
ENDDATA
